task_id,model_id,f1,model_rank,normalized_f1,relevance_score
1001,1,0.9086064755,19.0,0.9660301112433668,2
1001,2,0.9006201954,20.0,0.9575391008208644,2
1001,3,0.9197841893,11.0,0.9779142529447769,2
1001,4,0.9297904432,6.0,0.9885528988589244,2
1001,5,0.9196226965,13.0,0.9777425538519838,2
1001,6,0.9206346137,8.0,0.978818423892143,2
1001,7,0.9305957201,5.0,0.9894090689988748,2
1001,8,0.9100829323,17.0,0.9675998796361852,2
1001,9,0.9297904432,6.0,0.9885528988589244,2
1001,10,0.9204210965,10.0,0.9785914124740758,2
1001,11,0.9306530868,4.0,0.9894700612557836,2
1001,12,0.9094565125,18.0,0.9669338703071784,2
1001,13,0.9405570954,1.0,1.0,3
1001,14,0.9401195296,2.0,0.9995347801827874,3
1001,15,0.9187167225,15.0,0.9767793225878416,2
1001,16,0.9197841893,11.0,0.9779142529447769,2
1001,17,0.9204620835,9.0,0.9786349898392356,2
1001,18,0.9191142191,14.0,0.977201940844558,2
1001,19,0.9392000953,3.0,0.9985572379320334,3
1001,20,0.9177822696,16.0,0.9757858125664192,2
1002,1,0.9599812383,6.0,0.96968414404815,2
1002,2,0.9396296518,14.0,0.9491268561055004,1
1002,3,0.9396712852,12.0,0.9491689103105536,1
1002,4,0.9283185792,17.0,0.9377014580718672,1
1002,5,0.9193693011,19.0,0.9286617261187564,1
1002,6,0.9599552352,8.0,0.9696578781246504,2
1002,7,0.9392182614,15.0,0.9487113076218654,1
1002,8,0.9390473051,16.0,0.948538623399694,1
1002,9,0.949931113,10.0,0.9595324382019346,2
1002,10,0.9599571161,7.0,0.9696597780356424,2
1002,11,0.9396370852,13.0,0.9491343646377808,1
1002,12,0.9899937461,1.0,1.0,3
1002,13,0.9699937461,3.0,0.9797978521795836,2
1002,14,0.9799937461,2.0,0.9898989260897918,2
1002,15,0.928072778,18.0,0.9374531724630256,1
1002,16,0.9699436208,5.0,0.9797472202435764,2
1002,17,0.9118402066,20.0,0.9210565321166124,1
1002,18,0.9699937461,3.0,0.9797978521795836,2
1002,19,0.9597373358,9.0,0.9694377763302114,2
1002,20,0.9404627892,11.0,0.9499684143509765,1
1003,1,0.9799955407,3.0,0.9998499942713996,3
1003,2,0.9006424309,20.0,0.9188892112026572,1
1003,3,0.9404139258,16.0,0.9594664661966196,2
1003,4,0.9198445175,18.0,0.9384803270594652,1
1003,5,0.9702722205,4.0,0.989929682144954,2
1003,6,0.930367893,17.0,0.949216903397226,1
1003,7,0.9701492537,6.0,0.9898042240697186,2
1003,8,0.9501098901,13.0,0.96935886819968,2
1003,9,0.9801425677,1.0,1.0,3
1003,10,0.9801425677,1.0,1.0,3
1003,11,0.9701492537,6.0,0.9898042240697186,2
1003,12,0.9496900115,15.0,0.9689304829689624,2
1003,13,0.96,11.0,0.9794493491418635,2
1003,14,0.9702722205,4.0,0.989929682144954,2
1003,15,0.9501098901,13.0,0.96935886819968,2
1003,16,0.9602757353,10.0,0.979730670766989,2
1003,17,0.9104089606,19.0,0.9288536082422818,1
1003,18,0.9598507463,12.0,0.9792970716009032,2
1003,19,0.960285205,8.0,0.9797403323206366,2
1003,20,0.960285205,8.0,0.9797403323206366,2
1004,1,0.9899959984,13.0,0.9899959984,2
1004,2,0.9899959984,13.0,0.9899959984,2
1004,3,0.9799959984,19.0,0.9799959984,2
1004,4,0.9899959984,13.0,0.9899959984,2
1004,5,1.0,1.0,1.0,3
1004,6,1.0,1.0,1.0,3
1004,7,0.9899959984,13.0,0.9899959984,2
1004,8,1.0,1.0,1.0,3
1004,9,1.0,1.0,1.0,3
1004,10,1.0,1.0,1.0,3
1004,11,1.0,1.0,1.0,3
1004,12,0.9899959984,13.0,0.9899959984,2
1004,13,1.0,1.0,1.0,3
1004,14,0.9797794118,20.0,0.9797794118,2
1004,15,1.0,1.0,1.0,3
1004,16,1.0,1.0,1.0,3
1004,17,0.9899959984,13.0,0.9899959984,2
1004,18,1.0,1.0,1.0,3
1004,19,1.0,1.0,1.0,3
1004,20,1.0,1.0,1.0,3
1005,1,0.9398240415,20.0,0.9493232105782088,1
1005,2,0.9499749844,18.0,0.9595767530273293,2
1005,3,0.9593819255,17.0,0.9690787737593366,2
1005,4,0.9699874922,8.0,0.9797915350689708,2
1005,5,0.9599571161,14.0,0.9696597780356424,2
1005,6,0.9799937461,3.0,0.9898989260897918,2
1005,7,0.9401768963,19.0,0.949679631819646,1
1005,8,0.9899937461,1.0,1.0,3
1005,9,0.960405486,11.0,0.9701126797855436,2
1005,10,0.9594746717,16.0,0.9691724573814456,2
1005,11,0.9899937461,1.0,1.0,3
1005,12,0.9599571161,14.0,0.9696597780356424,2
1005,13,0.9602197802,12.0,0.969925096984408,2
1005,14,0.9601875232,13.0,0.969892513950296,2
1005,15,0.9799937461,3.0,0.9898989260897918,2
1005,16,0.9799937461,3.0,0.9898989260897918,2
1005,17,0.9606959707,10.0,0.970406100527992,2
1005,18,0.9797175866,6.0,0.9896199753377412,2
1005,19,0.9697175866,9.0,0.979518901427533,2
1005,20,0.9702197802,7.0,0.9800261708946164,2
1006,1,0.9599632353,2.0,0.9999802710920066,3
1006,2,0.9398474344,10.0,0.9790259227403963,2
1006,3,0.9301361131,13.0,0.9689097752160584,2
1006,4,0.9009764492,19.0,0.9385345613126206,1
1006,5,0.9299031385,15.0,0.9686670888348526,2
1006,6,0.9399550866,9.0,0.9791380625309438,2
1006,7,0.9200074272,17.0,0.958358864827368,2
1006,8,0.9599632353,2.0,0.9999802710920066,3
1006,9,0.9401694041,8.0,0.9793613140721164,2
1006,10,0.9301361131,13.0,0.9689097752160584,2
1006,11,0.9392616542,12.0,0.9784157237018746,2
1006,12,0.9292427148,16.0,0.9679791347067396,2
1006,13,0.9395651938,11.0,0.9787319166562854,2
1006,14,0.9110164935,18.0,0.9489931349868012,1
1006,15,0.9499632353,4.0,0.9895634110048648,2
1006,16,0.9599821747,1.0,1.0,3
1006,17,0.9009664502,20.0,0.9385241454942196,1
1006,18,0.9498841991,5.0,0.9894810801011428,2
1006,19,0.9492794795,6.0,0.9888511521546276,2
1006,20,0.9404642857,7.0,0.9796684881090636,2
1007,1,0.9799874922,14.0,0.9799874922,2
1007,2,0.9899937461,8.0,0.9899937461,2
1007,3,1.0,1.0,1.0,3
1007,4,0.9697175866,20.0,0.9697175866,2
1007,5,0.9899937461,8.0,0.9899937461,2
1007,6,1.0,1.0,1.0,3
1007,7,0.9799498747,16.0,0.9799498747,2
1007,8,0.9799874922,14.0,0.9799874922,2
1007,9,1.0,1.0,1.0,3
1007,10,0.9797175866,17.0,0.9797175866,2
1007,11,0.9899937461,8.0,0.9899937461,2
1007,12,0.9899937461,8.0,0.9899937461,2
1007,13,1.0,1.0,1.0,3
1007,14,0.9899937461,8.0,0.9899937461,2
1007,15,1.0,1.0,1.0,3
1007,16,1.0,1.0,1.0,3
1007,17,0.9699436208,19.0,0.9699436208,2
1007,18,1.0,1.0,1.0,3
1007,19,0.9899937461,8.0,0.9899937461,2
1007,20,0.9797175866,17.0,0.9797175866,2
1008,1,0.9496790757,20.0,0.9690664654538452,2
1008,2,0.9702376485,3.0,0.9900447348375176,3
1008,3,0.9699614891,5.0,0.9897629377330984,2
1008,4,0.9699614891,5.0,0.9897629377330984,2
1008,5,0.9697373358,9.0,0.9895342084163122,2
1008,6,0.9593935399,16.0,0.9789792472839944,2
1008,7,0.9604752971,12.0,0.9800830882057402,2
1008,8,0.9603919907,13.0,0.9799980811326526,2
1008,9,0.9502053915,17.0,0.969603525819888,2
1008,10,0.9699614891,5.0,0.9897629377330984,2
1008,11,0.9699614891,5.0,0.9897629377330984,2
1008,12,0.95,19.0,0.9693939413191526,2
1008,13,0.9702197802,4.0,0.9900265017619788,3
1008,14,0.9697175866,10.0,0.9895140560428112,2
1008,15,0.9697175866,10.0,0.9895140560428112,2
1008,16,0.9799937461,1.0,1.0,3
1008,17,0.95996337,14.0,0.9795607102803326,2
1008,18,0.9799937461,1.0,1.0,3
1008,19,0.9599436208,15.0,0.9795405579068316,2
1008,20,0.9502053915,17.0,0.969603525819888,2
1009,1,0.98,6.0,0.98,2
1009,2,0.9802197802,5.0,0.9802197802,2
1009,3,0.9899937461,2.0,0.9899937461,2
1009,4,0.9393515494,19.0,0.9393515494,1
1009,5,0.9703919907,8.0,0.9703919907,2
1009,6,0.9492063492,18.0,0.9492063492,1
1009,7,0.9699937461,11.0,0.9699937461,2
1009,8,0.9702376485,10.0,0.9702376485,2
1009,9,0.950197601,16.0,0.950197601,2
1009,10,0.959417305,14.0,0.959417305,2
1009,11,0.9501490757,17.0,0.9501490757,2
1009,12,0.9899937461,2.0,0.9899937461,2
1009,13,0.9697310819,13.0,0.9697310819,2
1009,14,0.9697373358,12.0,0.9697373358,2
1009,15,0.9799937461,7.0,0.9799937461,2
1009,16,0.9504737605,15.0,0.9504737605,2
1009,17,0.9001208149,20.0,0.9001208149,1
1009,18,0.9899937461,2.0,0.9899937461,2
1009,19,1.0,1.0,1.0,3
1009,20,0.9703919907,8.0,0.9703919907,2
1010,1,0.9899937461,11.0,0.9899937461,2
1010,2,0.9802197802,16.0,0.9802197802,2
1010,3,0.9495478821,20.0,0.9495478821,1
1010,4,0.9799498747,18.0,0.9799498747,2
1010,5,0.9899937461,11.0,0.9899937461,2
1010,6,0.9797175866,19.0,0.9797175866,2
1010,7,1.0,1.0,1.0,3
1010,8,1.0,1.0,1.0,3
1010,9,1.0,1.0,1.0,3
1010,10,0.9899937461,11.0,0.9899937461,2
1010,11,1.0,1.0,1.0,3
1010,12,1.0,1.0,1.0,3
1010,13,1.0,1.0,1.0,3
1010,14,1.0,1.0,1.0,3
1010,15,0.9899937461,11.0,0.9899937461,2
1010,16,1.0,1.0,1.0,3
1010,17,0.9799937461,17.0,0.9799937461,2
1010,18,1.0,1.0,1.0,3
1010,19,1.0,1.0,1.0,3
1010,20,0.9899937461,11.0,0.9899937461,2
1011,1,0.8998397436,8.0,0.9675737800464926,2
1011,2,0.9094807005,5.0,0.9779404449747146,2
1011,3,0.898538961,10.0,0.9661750830604432,2
1011,4,0.8692230515,13.0,0.9346524640917208,1
1011,5,0.9197430879,2.0,0.9889753176168076,2
1011,6,0.8488508271,16.0,0.9127467522015092,1
1011,7,0.9,6.0,0.9677460994976256,2
1011,8,0.9099399375,4.0,0.9784342503252648,2
1011,9,0.8798555954,11.0,0.9460853561883455,1
1011,10,0.9192889277,3.0,0.9884869712144776,2
1011,11,0.899959984,7.0,0.9677030713554948,2
1011,12,0.8380862762,18.0,0.9011719164833774,1
1011,13,0.8467389004,17.0,0.9104758535055648,1
1011,14,0.859494179,15.0,0.9241912658535156,1
1011,15,0.9299959984,1.0,1.0,3
1011,16,0.8996708278,9.0,0.9673921493724998,2
1011,17,0.7932692308,20.0,0.8529813377313129,0
1011,18,0.8380086799,19.0,0.9010884792426436,1
1011,19,0.867264352,14.0,0.9325463265348174,1
1011,20,0.8699959984,12.0,0.935483593366825,1
1012,1,0.8398489011,5.0,0.9765684896511628,2
1012,2,0.8335752668,13.0,0.9692735660465116,2
1012,3,0.8391666667,8.0,0.9757751938372092,2
1012,4,0.8076048601,19.0,0.9390754187209304,1
1012,5,0.8349357065,12.0,0.9708554726744186,2
1012,6,0.8398137849,6.0,0.9765276568604652,2
1012,7,0.8301511947,14.0,0.9652920868604652,2
1012,8,0.8388250319,9.0,0.9753779440697676,2
1012,9,0.839810489,7.0,0.9765238244186046,2
1012,10,0.8211631456,15.0,0.9548408669767442,2
1012,11,0.8165832235,16.0,0.9495153761627908,1
1012,12,0.835210239,11.0,0.971174696511628,2
1012,13,0.7929166667,20.0,0.9219961240697676,1
1012,14,0.8461785714,2.0,0.9839285713953488,2
1012,15,0.836384535,10.0,0.9725401569767442,2
1012,16,0.8160618892,17.0,0.948909173488372,1
1012,17,0.8443253043,4.0,0.9817736096511628,2
1012,18,0.86,1.0,1.0,3
1012,19,0.8452897603,3.0,0.9828950701162792,2
1012,20,0.8145961522,18.0,0.947204828139535,1
1013,1,0.9505279698,11.0,0.9699264997959184,2
1013,2,0.98,1.0,1.0,3
1013,3,0.8820743821,20.0,0.9000759001020409,1
1013,4,0.9799937461,2.0,0.9999936184693878,3
1013,5,0.959858116,5.0,0.9794470571428572,2
1013,6,0.959858116,5.0,0.9794470571428572,2
1013,7,0.9399051099,15.0,0.9590868468367348,2
1013,8,0.959858116,5.0,0.9794470571428572,2
1013,9,0.959858116,5.0,0.9794470571428572,2
1013,10,0.959858116,5.0,0.9794470571428572,2
1013,11,0.9699436208,3.0,0.9897383885714286,2
1013,12,0.9297495297,17.0,0.9487240098979592,1
1013,13,0.9495897057,14.0,0.9689690874489796,2
1013,14,0.939724828,16.0,0.9589028857142856,2
1013,15,0.9598997494,4.0,0.9794895402040816,2
1013,16,0.9498934955,12.0,0.9692790770408164,2
1013,17,0.9096606095,19.0,0.928225111734694,1
1013,18,0.949643915,13.0,0.9690244030612244,2
1013,19,0.959858116,5.0,0.9794470571428572,2
1013,20,0.9295172417,18.0,0.9484869813265306,1
1014,1,0.850168607,18.0,0.9243671995729013,1
1014,2,0.9010235332,5.0,0.9796604970775696,2
1014,3,0.9105180534,2.0,0.9899836529507696,2
1014,4,0.8517134333,17.0,0.9260468508197244,1
1014,5,0.9101144423,4.0,0.9895448166315364,2
1014,6,0.9007051282,6.0,0.979314303233482,2
1014,7,0.8995916763,7.0,0.9781036746520596,2
1014,8,0.8912037037,9.0,0.9689836404864648,2
1014,9,0.8499611801,19.0,0.9241416694591208,1
1014,10,0.8907954691,11.0,0.9685397771505762,2
1014,11,0.8916791604,8.0,0.969500592741204,2
1014,12,0.9197303922,1.0,1.0,3
1014,13,0.8799058085,15.0,0.9566997197899056,2
1014,14,0.8807237518,13.0,0.9575890492139812,2
1014,15,0.9102884615,3.0,0.989734023383293,2
1014,16,0.8400573676,20.0,0.9133735002391064,1
1014,17,0.8805010893,14.0,0.957346953810928,2
1014,18,0.8909514251,10.0,0.968709344233846,2
1014,19,0.8889215686,12.0,0.9665023317036364,2
1014,20,0.8530093707,16.0,0.9274558913505044,1
1015,1,0.939973262,1.0,1.0,3
1015,2,0.8893409312,14.0,0.946134286104832,1
1015,3,0.9088610169,9.0,0.9669009254222808,2
1015,4,0.8678654315,19.0,0.9232873599547132,1
1015,5,0.9087889126,10.0,0.9668242165381936,2
1015,6,0.8481066176,20.0,0.9022667472428592,1
1015,7,0.90717989,11.0,0.965112441677091,2
1015,8,0.876978022,17.0,0.9329818809250342,1
1015,9,0.8780399274,16.0,0.9341115996552676,1
1015,10,0.939973262,1.0,1.0,3
1015,11,0.9299687848,6.0,0.9893566364018554,2
1015,12,0.8999554367,12.0,0.957426634439736,2
1015,13,0.939973262,1.0,1.0,3
1015,14,0.9191428571,8.0,0.977839364435028,2
1015,15,0.8998660714,13.0,0.957331562267353,2
1015,16,0.8768670191,18.0,0.9328637893744685,1
1015,17,0.9305128657,4.0,0.9899354623344596,2
1015,18,0.8883114085,15.0,0.9450390180353876,1
1015,19,0.9299063545,7.0,0.9892902192998764,2
1015,20,0.9302830418,5.0,0.9896909618690836,2
1016,1,0.9499764521,14.0,0.9693637266326532,2
1016,2,0.9597919168,8.0,0.9793795069387756,2
1016,3,0.9699959984,3.0,0.9897918351020408,2
1016,4,0.9697794118,7.0,0.989570828367347,2
1016,5,0.9501920768,12.0,0.9695837518367346,2
1016,6,0.9499318958,15.0,0.9693182610204082,2
1016,7,0.9699879952,5.0,0.9897836685714286,2
1016,8,0.9597919168,8.0,0.9793795069387756,2
1016,9,0.9597919168,8.0,0.9793795069387756,2
1016,10,0.9407456829,18.0,0.9599445743877552,2
1016,11,0.9401840736,19.0,0.9593715036734696,2
1016,12,0.950180072,13.0,0.9695715020408164,2
1016,13,0.9499318958,15.0,0.9693182610204082,2
1016,14,0.9495512821,17.0,0.9689298796938776,2
1016,15,0.98,1.0,1.0,3
1016,16,0.9699959984,3.0,0.9897918351020408,2
1016,17,0.9697879152,6.0,0.9895795053061224,2
1016,18,0.9701920768,2.0,0.9899919151020408,2
1016,19,0.9597919168,8.0,0.9793795069387756,2
1016,20,0.9208416763,20.0,0.9396343635714286,1
1017,1,0.8509392528,7.0,0.9342969336238468,1
1017,2,0.8698036907,4.0,0.955009324580678,2
1017,3,0.7280952381,20.0,0.7994191666497706,0
1017,4,0.8183633453,16.0,0.8985299027963035,0
1017,5,0.8422925001,9.0,0.9248031483661668,1
1017,6,0.8889755902,2.0,0.9760592959571948,2
1017,7,0.8518329001,6.0,0.935278122268493,1
1017,8,0.8332676821,13.0,0.9148942626775958,1
1017,9,0.8383294148,11.0,0.9204518407595472,1
1017,10,0.841474359,10.0,0.9239048624797344,1
1017,11,0.8219870847,15.0,0.902508622309514,1
1017,12,0.7705525847,19.0,0.8460356185382677,0
1017,13,0.8382352941,12.0,0.9203485000320968,1
1017,14,0.7731901567,18.0,0.8489315660735395,0
1017,15,0.8573970592,5.0,0.9413873442467005,1
1017,16,0.8016581738,17.0,0.8801882991427479,0
1017,17,0.8301920768,14.0,0.9115173722692944,1
1017,18,0.9107803121,1.0,1.0,3
1017,19,0.8889755902,2.0,0.9760592959571948,2
1017,20,0.8480053038,8.0,0.9310755761120278,1
1018,1,0.8795879697,20.0,0.9159010998469204,1
1018,2,0.919841401,13.0,0.9578163638913536,2
1018,3,0.9501444809,3.0,0.9893704837352452,2
1018,4,0.9197096008,14.0,0.9576791224188704,2
1018,5,0.9199509804,12.0,0.9579304671947614,2
1018,6,0.9301124296,5.0,0.9685114242097748,2
1018,7,0.9291810518,9.0,0.9675415951752964,2
1018,8,0.9501840736,2.0,0.989411710990193,2
1018,9,0.9603525641,1.0,1.0,3
1018,10,0.8893191892,18.0,0.9260340654511924,1
1018,11,0.9293642072,8.0,0.9677323120087248,2
1018,12,0.8797216211,19.0,0.916040268944808,1
1018,13,0.9203265847,10.0,0.9583215780368008,2
1018,14,0.9097150382,16.0,0.9472719417920696,1
1018,15,0.9301124296,5.0,0.9685114242097748,2
1018,16,0.8894761444,17.0,0.926197500428999,1
1018,17,0.9298464669,7.0,0.9682344814390234,2
1018,18,0.9199679872,11.0,0.957948176107754,2
1018,19,0.9102944386,15.0,0.9478752623033684,1
1018,20,0.9303853874,4.0,0.9687956508679872,2
1019,1,0.99,13.0,0.99,2
1019,2,1.0,1.0,1.0,3
1019,3,1.0,1.0,1.0,3
1019,4,0.9899977038,14.0,0.9899977038,2
1019,5,0.9899977038,14.0,0.9899977038,2
1019,6,1.0,1.0,1.0,3
1019,7,1.0,1.0,1.0,3
1019,8,1.0,1.0,1.0,3
1019,9,1.0,1.0,1.0,3
1019,10,1.0,1.0,1.0,3
1019,11,1.0,1.0,1.0,3
1019,12,0.9899977038,14.0,0.9899977038,2
1019,13,1.0,1.0,1.0,3
1019,14,0.9799732143,20.0,0.9799732143,2
1019,15,0.9899955407,18.0,0.9899955407,2
1019,16,1.0,1.0,1.0,3
1019,17,0.9899977038,14.0,0.9899977038,2
1019,18,1.0,1.0,1.0,3
1019,19,1.0,1.0,1.0,3
1019,20,0.9801425677,19.0,0.9801425677,2
1020,1,0.9799498747,7.0,0.9898546112643972,2
1020,2,0.9699937461,8.0,0.9797978521795836,2
1020,3,0.9799874922,6.0,0.9898926089791792,2
1020,4,0.9899937461,1.0,1.0,3
1020,5,0.9599749844,14.0,0.9696778269375372,2
1020,6,0.9597373358,15.0,0.9694377763302114,2
1020,7,0.9693819255,12.0,0.9791798476695448,2
1020,8,0.9697175866,10.0,0.979518901427533,2
1020,9,0.9899937461,1.0,1.0,3
1020,10,0.9697175866,10.0,0.979518901427533,2
1020,11,0.9602376485,13.0,0.9699431458863031,2
1020,12,0.98,3.0,0.9899052432004044,2
1020,13,0.9270002546,20.0,0.9363698086496428,1
1020,14,0.9699436208,9.0,0.9797472202435764,2
1020,15,0.9284552846,19.0,0.9378395452067998,1
1020,16,0.9396370852,18.0,0.9491343646377808,1
1020,17,0.9799937461,5.0,0.9898989260897918,2
1020,18,0.9593935399,16.0,0.9690905055506188,2
1020,19,0.98,3.0,0.9899052432004044,2
1020,20,0.9494351733,17.0,0.959031485845464,2
1021,1,0.9595252078,11.0,0.9595252078,2
1021,2,0.9799919968,2.0,0.9799919968,2
1021,3,0.9497919168,14.0,0.9497919168,1
1021,4,0.9497212862,17.0,0.9497212862,1
1021,5,0.9597919168,9.0,0.9597919168,2
1021,6,1.0,1.0,1.0,3
1021,7,0.9595252078,11.0,0.9595252078,2
1021,8,0.9599679487,7.0,0.9599679487,2
1021,9,0.9497919168,14.0,0.9497919168,1
1021,10,0.9599679487,7.0,0.9599679487,2
1021,11,0.9399358974,19.0,0.9399358974,1
1021,12,0.9595327493,10.0,0.9595327493,2
1021,13,0.9699959984,4.0,0.9699959984,2
1021,14,0.9595252078,11.0,0.9595252078,2
1021,15,0.9402631336,18.0,0.9402631336,1
1021,16,0.9699639471,5.0,0.9699639471,2
1021,17,0.9497723705,16.0,0.9497723705,1
1021,18,0.9799919968,2.0,0.9799919968,2
1021,19,0.9603388525,6.0,0.9603388525,2
1021,20,0.939754902,20.0,0.939754902,1
1022,1,0.8689377289,2.0,0.995746467062442,3
1022,2,0.7917958618,19.0,0.907346874004531,1
1022,3,0.812325211,14.0,0.9308721811204608,1
1022,4,0.8436107285,5.0,0.9667233618032028,2
1022,5,0.8667347707,3.0,0.9932220193698404,3
1022,6,0.8210949242,11.0,0.9409217055519818,1
1022,7,0.8422184782,6.0,0.9651279329578624,2
1022,8,0.8321367521,9.0,0.9535749265546596,2
1022,9,0.8726495726,1.0,1.0,3
1022,10,0.8362515915,7.0,0.9582902665137912,2
1022,11,0.7993465993,17.0,0.9159995310814182,1
1022,12,0.8088506089,15.0,0.9268905117206264,1
1022,13,0.8162471396,13.0,0.935366457773018,1
1022,14,0.8262091133,10.0,0.9467822356669084,1
1022,15,0.836097561,8.0,0.9581137575176988,2
1022,16,0.8163636364,12.0,0.9354999555751802,1
1022,17,0.771962872,20.0,0.8846195497466288,0
1022,18,0.8508312006,4.0,0.974997556080852,2
1022,19,0.8033606247,16.0,0.9205993447134132,1
1022,20,0.7952525253,18.0,0.9113079869283603,1
1023,1,0.9601875232,5.0,0.9797956921311816,2
1023,2,0.9297109051,15.0,0.9486967053149497,1
1023,3,0.9799874922,1.0,1.0,3
1023,4,0.9191697192,19.0,0.93794025588687,1
1023,5,0.9294455498,17.0,0.9484259311447568,1
1023,6,0.9399427274,14.0,0.959137473571114,2
1023,7,0.9296959703,16.0,0.9486814655286064,1
1023,8,0.9699436208,4.0,0.9897510208243044,2
1023,9,0.9399498747,13.0,0.9591447668274636,2
1023,10,0.9501875232,9.0,0.9695914802615476,2
1023,11,0.9799874922,1.0,1.0,3
1023,12,0.9598240415,7.0,0.9794247877034282,2
1023,13,0.949931113,10.0,0.9693298338609142,2
1023,14,0.9702135263,3.0,0.9900264381149824,3
1023,15,0.9399937461,12.0,0.9591895341335256,2
1023,16,0.9195474544,18.0,0.9383257048880118,1
1023,17,0.9499113638,11.0,0.9693096813588086,2
1023,18,0.9098697304,20.0,0.9284503502768277,1
1023,19,0.96,6.0,0.9796043394848544,2
1023,20,0.9504395604,8.0,0.9698486643603308,2
1024,1,1.0,1.0,1.0,3
1024,2,1.0,1.0,1.0,3
1024,3,1.0,1.0,1.0,3
1024,4,1.0,1.0,1.0,3
1024,5,1.0,1.0,1.0,3
1024,6,1.0,1.0,1.0,3
1024,7,0.9899989999,17.0,0.9899989999,2
1024,8,1.0,1.0,1.0,3
1024,9,1.0,1.0,1.0,3
1024,10,1.0,1.0,1.0,3
1024,11,1.0,1.0,1.0,3
1024,12,1.0,1.0,1.0,3
1024,13,0.9899989999,17.0,0.9899989999,2
1024,14,1.0,1.0,1.0,3
1024,15,1.0,1.0,1.0,3
1024,16,1.0,1.0,1.0,3
1024,17,1.0,1.0,1.0,3
1024,18,0.9899989999,17.0,0.9899989999,2
1024,19,0.9899989999,17.0,0.9899989999,2
1024,20,1.0,1.0,1.0,3
1025,1,1.0,1.0,1.0,3
1025,2,1.0,1.0,1.0,3
1025,3,1.0,1.0,1.0,3
1025,4,1.0,1.0,1.0,3
1025,5,1.0,1.0,1.0,3
1025,6,1.0,1.0,1.0,3
1025,7,1.0,1.0,1.0,3
1025,8,1.0,1.0,1.0,3
1025,9,1.0,1.0,1.0,3
1025,10,1.0,1.0,1.0,3
1025,11,1.0,1.0,1.0,3
1025,12,1.0,1.0,1.0,3
1025,13,1.0,1.0,1.0,3
1025,14,0.9899989999,20.0,0.9899989999,2
1025,15,1.0,1.0,1.0,3
1025,16,1.0,1.0,1.0,3
1025,17,1.0,1.0,1.0,3
1025,18,1.0,1.0,1.0,3
1025,19,1.0,1.0,1.0,3
1025,20,1.0,1.0,1.0,3
1026,1,0.9397175866,6.0,0.9787543918816748,2
1026,2,0.92,14.0,0.9582177170793206,2
1026,3,0.909724828,19.0,0.9475157041918886,1
1026,4,0.9302376485,11.0,0.968880647703158,2
1026,5,0.9399812383,5.0,0.9790289959361074,2
1026,6,0.9108221113,16.0,0.9486585697339704,1
1026,7,0.9397069597,7.0,0.9787433235296554,2
1026,8,0.9597373358,2.0,0.999605781419636,3
1026,9,0.9401831502,4.0,0.9792392954577042,2
1026,10,0.9394621639,8.0,0.9784883586681048,2
1026,11,0.9297373358,12.0,0.9683595515148756,2
1026,12,0.9098656749,18.0,0.9476624020125144,1
1026,13,0.9601158313,1.0,1.0,3
1026,14,0.9596872105,3.0,0.999553573864708,3
1026,15,0.9310046135,9.0,0.969679473193788,2
1026,16,0.9099042165,17.0,0.9477025446689976,1
1026,17,0.92,14.0,0.9582177170793206,2
1026,18,0.8917791218,20.0,0.9288245154676056,1
1026,19,0.9296486996,13.0,0.9682672332787728,2
1026,20,0.9307191995,10.0,0.9693822028117204,2
1027,1,0.9507432474,12.0,0.970005057153075,2
1027,2,0.9603539446,7.0,0.9798104645669702,2
1027,3,0.9699378882,5.0,0.9895885763599206,2
1027,4,0.9699931114,4.0,0.989644918367522,2
1027,5,0.9601492537,11.0,0.979601626682824,2
1027,6,0.9397643405,17.0,0.9588037204681852,2
1027,7,0.9603539446,7.0,0.9798104645669702,2
1027,8,0.9404231107,14.0,0.9594758371802936,2
1027,9,0.9801425677,1.0,1.0,3
1027,10,0.9402573529,16.0,0.9593067211705798,2
1027,11,0.9304156084,19.0,0.9492655854987616,1
1027,12,0.9501423651,13.0,0.9693920011346938,2
1027,13,0.9603539446,7.0,0.9798104645669702,2
1027,14,0.9214505495,20.0,0.940118896848112,1
1027,15,0.98,3.0,0.9998545439156524,3
1027,16,0.9603539446,7.0,0.9798104645669702,2
1027,17,0.9699378882,5.0,0.9895885763599206,2
1027,18,0.9801425677,1.0,1.0,3
1027,19,0.9395,18.0,0.9585340244987302,2
1027,20,0.9404231107,14.0,0.9594758371802936,2
1028,1,0.9799910873,5.0,0.9898944459962656,2
1028,2,0.9601469575,8.0,0.9698497801526512,2
1028,3,0.9398086403,18.0,0.9493059328686329,1
1028,4,0.9499931114,16.0,0.9595933237520288,2
1028,5,0.9599691902,11.0,0.9696702164145417,2
1028,6,0.9899955407,1.0,1.0,3
1028,7,0.9494983278,17.0,0.9590935400866902,2
1028,8,0.9601469575,8.0,0.9698497801526512,2
1028,9,0.9296452991,19.0,0.9390398854147082,1
1028,10,0.9599691902,11.0,0.9696702164145417,2
1028,11,0.9799977038,3.0,0.9899011293597032,2
1028,12,0.9289827856,20.0,0.9383706768448072,1
1028,13,0.9601469575,8.0,0.9698497801526512,2
1028,14,0.9602637363,7.0,0.969967739067817,2
1028,15,0.9599691902,11.0,0.9696702164145417,2
1028,16,0.9799910873,5.0,0.9898944459962656,2
1028,17,0.9501381779,15.0,0.9597398562302434,2
1028,18,0.9899955407,1.0,1.0,3
1028,19,0.9799977038,3.0,0.9899011293597032,2
1028,20,0.9596924469,14.0,0.969390676468529,2
1029,1,0.9899959984,6.0,0.9899959984,2
1029,2,0.9799679487,16.0,0.9799679487,2
1029,3,0.9799919968,14.0,0.9799919968,2
1029,4,0.9899959984,6.0,0.9899959984,2
1029,5,0.9899959984,6.0,0.9899959984,2
1029,6,0.9699764521,18.0,0.9699764521,2
1029,7,0.9698916098,20.0,0.9698916098,2
1029,8,0.9799679487,16.0,0.9799679487,2
1029,9,0.9899959984,6.0,0.9899959984,2
1029,10,1.0,1.0,1.0,3
1029,11,1.0,1.0,1.0,3
1029,12,0.9799959984,12.0,0.9799959984,2
1029,13,0.9899959984,6.0,0.9899959984,2
1029,14,0.9799919968,14.0,0.9799919968,2
1029,15,1.0,1.0,1.0,3
1029,16,1.0,1.0,1.0,3
1029,17,1.0,1.0,1.0,3
1029,18,0.9799959984,12.0,0.9799959984,2
1029,19,0.9699639471,19.0,0.9699639471,2
1029,20,0.9899959984,6.0,0.9899959984,2
1030,1,0.9702135263,3.0,0.9900264381149824,3
1030,2,0.9306314567,17.0,0.9496360556712828,1
1030,3,0.9799874922,1.0,1.0,3
1030,4,0.930954035,15.0,0.9499652214030574,1
1030,5,0.9309199605,16.0,0.9499304510613222,1
1030,6,0.9702135263,3.0,0.9900264381149824,3
1030,7,0.9405570954,10.0,0.9597643876949064,2
1030,8,0.9499614891,8.0,0.9693608302769317,2
1030,9,0.9396258279,12.0,0.958814102607176,2
1030,10,0.9702313946,2.0,0.9900446713068772,3
1030,11,0.8905406788,19.0,0.9087265765002792,1
1030,12,0.9316881364,13.0,0.950714314024997,2
1030,13,0.9603857368,6.0,0.979997953488166,2
1030,14,0.9413051513,9.0,0.9605277197842996,2
1030,15,0.9312728943,14.0,0.9502905921884376,2
1030,16,0.9601696549,7.0,0.9797774589392866,2
1030,17,0.8495718301,20.0,0.8669210952813016,0
1030,18,0.939931113,11.0,0.9591256219912804,2
1030,19,0.9702135263,3.0,0.9900264381149824,3
1030,20,0.9296712852,18.0,0.9486562763295644,1
1031,1,0.9409022556,12.0,0.9696447438706784,2
1031,2,0.9503577125,7.0,0.97938904412016,2
1031,3,0.9292215387,17.0,0.9576072068371384,2
1031,4,0.9203258145,19.0,0.9484397378868672,1
1031,5,0.9219989367,18.0,0.9501639702791562,2
1031,6,0.9603827751,3.0,0.9897203502672216,2
1031,7,0.9487886383,10.0,0.9777720381647402,2
1031,8,0.9703577125,1.0,1.0,3
1031,9,0.959924812,5.0,0.989248397404787,2
1031,10,0.9300308743,16.0,0.9584412658543175,2
1031,11,0.9408339029,13.0,0.96957430314648,2
1031,12,0.9493149541,9.0,0.9783144317513732,2
1031,13,0.9410333806,11.0,0.9697798744501656,2
1031,14,0.9386367434,14.0,0.9673100252707064,2
1031,15,0.9508339029,6.0,0.9798797810864002,2
1031,16,0.9694235589,2.0,0.9990373100682702,3
1031,17,0.9119200174,20.0,0.9397771622287178,1
1031,18,0.9497729171,8.0,0.9787863845107532,2
1031,19,0.9322781592,15.0,0.9607572003504842,2
1031,20,0.9603577125,4.0,0.98969452206008,2
1032,1,0.8591462891,6.0,0.9646413331256324,2
1032,2,0.8579951485,7.0,0.9633488433400312,2
1032,3,0.7759307359,20.0,0.8712076965097713,0
1032,4,0.8065959703,16.0,0.905638331859676,1
1032,5,0.8549791428,8.0,0.959962500646041,2
1032,6,0.869379845,4.0,0.9761314729670474,2
1032,7,0.8302060881,12.0,0.9321475489729848,1
1032,8,0.8364340647,11.0,0.9391402622353474,1
1032,9,0.8686394625,5.0,0.9753001784938198,2
1032,10,0.8906380637,1.0,1.0,3
1032,11,0.8457343483,9.0,0.9495825327592048,1
1032,12,0.7857698941,19.0,0.8822550103413013,0
1032,13,0.8393076586,10.0,0.9423667063063116,1
1032,14,0.8299035555,13.0,0.9318078682291108,1
1032,15,0.8183217793,15.0,0.918803959377646,1
1032,16,0.7950895141,17.0,0.8927189915923195,0
1032,17,0.8268542569,14.0,0.9283841445816708,1
1032,18,0.8698687776,2.0,0.9766804418691498,2
1032,19,0.8695695427,3.0,0.9763444637516676,2
1032,20,0.7915565354,18.0,0.8887521965001326,0
1033,1,0.9504260113,13.0,0.9695822909203275,2
1033,2,0.9596969697,10.0,0.9790401098116728,2
1033,3,0.9412407367,17.0,0.9602118828259416,2
1033,4,0.9095162462,20.0,0.927847970420812,1
1033,5,0.9499550866,15.0,0.9691018745133182,2
1033,6,0.9507983056,11.0,0.9699620889856148,2
1033,7,0.9412596761,16.0,0.9602312039583838,2
1033,8,0.98,2.0,0.9997523571584944,3
1033,9,0.98,2.0,0.9997523571584944,3
1033,10,0.9604952753,6.0,0.9798545056334408,2
1033,11,0.9405973035,18.0,0.9595554809296416,2
1033,12,0.9604952753,6.0,0.9798545056334408,2
1033,13,0.9702243169,5.0,0.9897796406053726,2
1033,14,0.9308387097,19.0,0.9496001981193332,1
1033,15,0.9802427501,1.0,1.0,3
1033,16,0.9599902248,8.0,0.9793392756050132,2
1033,17,0.9504299259,12.0,0.9695862844209164,2
1033,18,0.9599555928,9.0,0.9793039455808978,2
1033,19,0.98,2.0,0.9997523571584944,3
1033,20,0.949974026,14.0,0.9691211956457602,2
1034,1,0.6906837607,12.0,0.8588698790478146,0
1034,2,0.7577969601,4.0,0.9423255916778188,1
1034,3,0.6870430911,13.0,0.8543426820338932,0
1034,4,0.5357183202,20.0,0.6661693166313247,0
1034,5,0.7339734516,7.0,0.9127008994117778,1
1034,6,0.7135499181,10.0,0.8873040988136338,0
1034,7,0.7759500727,3.0,0.96489910869131,2
1034,8,0.6969525038,11.0,0.8666651030481909,0
1034,9,0.6837786775,14.0,0.8502833618741829,0
1034,10,0.7518357318,5.0,0.9349127643893816,1
1034,11,0.6337482842,17.0,0.7880702329615581,0
1034,12,0.6426228906,16.0,0.7991058654160407,0
1034,13,0.7480749747,6.0,0.930236237765487,1
1034,14,0.65335378,15.0,0.8124497982047785,0
1034,15,0.7201297804,9.0,0.8954862016214729,0
1034,16,0.8041774168,1.0,1.0,3
1034,17,0.5752805365,19.0,0.7153651973828967,0
1034,18,0.7902793176,2.0,0.9827176206274189,2
1034,19,0.7309317568,8.0,0.9089185315704826,1
1034,20,0.6222631946,18.0,0.7737884471763993,0
1035,1,0.91,10.0,0.9573199317239424,2
1035,2,0.8993111472,14.0,0.9460752593803126,1
1035,3,0.8987802738,15.0,0.9455167806033432,1
1035,4,0.8792498391,19.0,0.9249707647642852,1
1035,5,0.95057041,1.0,1.0,3
1035,6,0.9501193064,2.0,0.9995254390466456,3
1035,7,0.8597708872,20.0,0.904478908826964,1
1035,8,0.9398991761,5.0,0.988773862737848,2
1035,9,0.9398991761,5.0,0.988773862737848,2
1035,10,0.9273793103,9.0,0.9756029648555964,2
1035,11,0.9281090734,8.0,0.9763706755820436,2
1035,12,0.939974026,4.0,0.9888526048270324,2
1035,13,0.90003814,13.0,0.9468400557513672,1
1035,14,0.8910613159,16.0,0.937396437471686,1
1035,15,0.890027959,18.0,0.9363093460904176,1
1035,16,0.95,3.0,0.999399928722797,3
1035,17,0.9004588056,12.0,0.9472825959310052,1
1035,18,0.93,7.0,0.97835993022337,2
1035,19,0.8903226863,17.0,0.9366193991879044,1
1035,20,0.908854209,11.0,0.9561145596779096,2
1036,1,1.0,1.0,1.0,3
1036,2,1.0,1.0,1.0,3
1036,3,1.0,1.0,1.0,3
1036,4,1.0,1.0,1.0,3
1036,5,1.0,1.0,1.0,3
1036,6,1.0,1.0,1.0,3
1036,7,1.0,1.0,1.0,3
1036,8,1.0,1.0,1.0,3
1036,9,1.0,1.0,1.0,3
1036,10,1.0,1.0,1.0,3
1036,11,1.0,1.0,1.0,3
1036,12,0.98,20.0,0.98,2
1036,13,1.0,1.0,1.0,3
1036,14,1.0,1.0,1.0,3
1036,15,1.0,1.0,1.0,3
1036,16,1.0,1.0,1.0,3
1036,17,1.0,1.0,1.0,3
1036,18,1.0,1.0,1.0,3
1036,19,1.0,1.0,1.0,3
1036,20,1.0,1.0,1.0,3
1037,1,0.9801425677,10.0,0.9900429976767676,3
1037,2,0.99,1.0,1.0,3
1037,3,0.9899977038,8.0,0.9999976806060604,3
1037,4,0.9899977038,8.0,0.9999976806060604,3
1037,5,0.9799910873,17.0,0.9898899871717172,2
1037,6,0.99,1.0,1.0,3
1037,7,0.99,1.0,1.0,3
1037,8,0.9801425677,10.0,0.9900429976767676,3
1037,9,0.98,14.0,0.98989898989899,2
1037,10,0.9801425677,10.0,0.9900429976767676,3
1037,11,0.99,1.0,1.0,3
1037,12,0.98,14.0,0.98989898989899,2
1037,13,0.9799910873,17.0,0.9898899871717172,2
1037,14,0.9799910873,17.0,0.9898899871717172,2
1037,15,0.9801425677,10.0,0.9900429976767676,3
1037,16,0.99,1.0,1.0,3
1037,17,0.970265047,20.0,0.980065704040404,2
1037,18,0.99,1.0,1.0,3
1037,19,0.99,1.0,1.0,3
1037,20,0.98,14.0,0.98989898989899,2
1038,1,0.9499331104,6.0,0.9891286935490546,2
1038,2,0.9499331104,6.0,0.9891286935490546,2
1038,3,0.92,20.0,0.957960500694566,2
1038,4,0.9499331104,6.0,0.9891286935490546,2
1038,5,0.9499331104,6.0,0.9891286935490546,2
1038,6,0.9398031337,17.0,0.9785807396886674,2
1038,7,0.9398392857,15.0,0.978618383371299,2
1038,8,0.939973262,12.0,0.9787578877228524,2
1038,9,0.9499331104,6.0,0.9891286935490546,2
1038,10,0.939973262,12.0,0.9787578877228524,2
1038,11,0.94,11.0,0.9787857289705348,2
1038,12,0.9399196429,14.0,0.97870205622298,2
1038,13,0.9599821747,2.0,0.9995923964494242,3
1038,14,0.93,18.0,0.9683731148325504,2
1038,15,0.9398392857,15.0,0.978618383371299,2
1038,16,0.9499777035,5.0,0.9891751266234065,2
1038,17,0.9603736264,1.0,1.0,3
1038,18,0.95,4.0,0.9891983431085192,2
1038,19,0.9299063545,19.0,0.9682756053868244,2
1038,20,0.9599821747,2.0,0.9995923964494242,3
1039,1,0.9699866221,2.0,0.9999862083505154,3
1039,2,0.9291141243,17.0,0.9578496126804124,2
1039,3,0.9599821747,7.0,0.9896723450515464,2
1039,4,0.9197857143,19.0,0.9482326951546391,1
1039,5,0.9186932849,20.0,0.9471064792783506,1
1039,6,0.9394324324,16.0,0.9684870437113402,2
1039,7,0.9399196429,15.0,0.9689893225773196,2
1039,8,0.9498658618,11.0,0.9792431564948454,2
1039,9,0.9599821747,7.0,0.9896723450515464,2
1039,10,0.96,6.0,0.9896907216494846,2
1039,11,0.97,1.0,1.0,3
1039,12,0.9699195171,4.0,0.9999170279381444,3
1039,13,0.9699866221,2.0,0.9999862083505154,3
1039,14,0.9599821747,7.0,0.9896723450515464,2
1039,15,0.9699195171,4.0,0.9999170279381444,3
1039,16,0.9496631484,12.0,0.9790341736082474,2
1039,17,0.9496631484,12.0,0.9790341736082474,2
1039,18,0.9598928571,10.0,0.9895802650515464,2
1039,19,0.9496631484,12.0,0.9790341736082474,2
1039,20,0.9289897698,18.0,0.9577214121649484,2
1040,1,0.9899815668,1.0,1.0,3
1040,2,0.9699544756,5.0,0.9797702382835922,2
1040,3,0.9294106622,18.0,0.9388161288742088,1
1040,4,0.9699815668,3.0,0.9797976036416036,2
1040,5,0.9598617977,13.0,0.9695754243209208,2
1040,6,0.959991342,8.0,0.9697062795856494,2
1040,7,0.9599361441,11.0,0.969650523092952,2
1040,8,0.9899815668,1.0,1.0,3
1040,9,0.9498802309,15.0,0.9594928458823502,2
1040,10,0.9699544756,5.0,0.9797702382835922,2
1040,11,0.9291756272,19.0,0.938578715362804,1
1040,12,0.9599729088,9.0,0.9696876598450216,2
1040,13,0.9598888889,12.0,0.969602789678932,2
1040,14,0.949640553,16.0,0.9592507424856428,2
1040,15,0.9698704557,7.0,0.9796853681175024,2
1040,16,0.9699815668,3.0,0.9797976036416036,2
1040,17,0.9398249313,17.0,0.9493357884812688,1
1040,18,0.9598617977,13.0,0.9695754243209208,2
1040,19,0.908394943,20.0,0.9175877344224508,1
1040,20,0.9599631336,10.0,0.9696777857217774,2
1041,1,0.7583870968,6.0,0.947983871,1
1041,2,0.7110858365,17.0,0.8888572956249999,0
1041,3,0.7167924528,16.0,0.895990566,0
1041,4,0.7318205724,12.0,0.9147757155,1
1041,5,0.7768238318,3.0,0.97102978975,2
1041,6,0.7307167277,13.0,0.913395909625,1
1041,7,0.7617422325,4.0,0.952177790625,2
1041,8,0.8,1.0,1.0,3
1041,9,0.7197412935,15.0,0.899676616875,0
1041,10,0.7448735475,8.0,0.931091934375,1
1041,11,0.735753176,11.0,0.91969147,1
1041,12,0.7219607439,14.0,0.902450929875,1
1041,13,0.7367207207,10.0,0.920900900875,1
1041,14,0.7969115485,2.0,0.996139435625,3
1041,15,0.7596785714,5.0,0.94959821425,1
1041,16,0.7082037037,18.0,0.8852546296249999,0
1041,17,0.6996,20.0,0.8744999999999999,0
1041,18,0.702267058,19.0,0.8778338225,0
1041,19,0.7527472527,7.0,0.940934065875,1
1041,20,0.7393035714,9.0,0.92412946425,1
1042,1,0.9193689529,12.0,0.9577621088862852,2
1042,2,0.9191802507,13.0,0.9575655264190904,2
1042,3,0.8998397436,18.0,0.9374173532524888,1
1042,4,0.9105416013,14.0,0.9485661241212696,1
1042,5,0.8999725851,17.0,0.9375557422581068,1
1042,6,0.8995422068,19.0,0.9371073912158764,1
1042,7,0.9299879952,8.0,0.9688246059561716,2
1042,8,0.9300089296,7.0,0.9688464145837404,2
1042,9,0.9499754902,2.0,0.9896467854545872,2
1042,10,0.920317063,10.0,0.9587498123822192,2
1042,11,0.9013101808,15.0,0.9389491964033964,1
1042,12,0.9194829447,11.0,0.9578808610221056,2
1042,13,0.9003375196,16.0,0.937935916545288,1
1042,14,0.8878229963,20.0,0.924898782552774,1
1042,15,0.9403165112,4.0,0.9795844442502778,2
1042,16,0.9599136825,1.0,1.0,3
1042,17,0.9399679487,5.0,0.9792213256633104,2
1042,18,0.9292533119,9.0,0.9680592420350256,2
1042,19,0.9395758303,6.0,0.9788128322673432,2
1042,20,0.9499559439,3.0,0.9896264228945398,2
1043,1,0.7994395389,12.0,0.9225871694472512,1
1043,2,0.8505529954,2.0,0.981574268356427,2
1043,3,0.7581238678,19.0,0.8749071308712125,0
1043,4,0.7724433244,18.0,0.8914323917443419,0
1043,5,0.7943313452,13.0,0.9166920970404552,1
1043,6,0.8283989025,4.0,0.9560075045603732,2
1043,7,0.8665192465,1.0,1.0,3
1043,8,0.824154949,5.0,0.9511098020371552,2
1043,9,0.7914581429,15.0,0.913376299599596,1
1043,10,0.8304101382,3.0,0.958328555948584,2
1043,11,0.8102861452,10.0,0.935104613628452,1
1043,12,0.8227073733,6.0,0.9494392382200826,1
1043,13,0.7839277447,16.0,0.9046859003610142,1
1043,14,0.820339076,8.0,0.9467061225858184,1
1043,15,0.8140445019,9.0,0.9394419168276372,1
1043,16,0.8069872927,11.0,0.9312975977850944,1
1043,17,0.7930353086,14.0,0.915196415778631,1
1043,18,0.8221536363,7.0,0.9488002022122426,1
1043,19,0.7776142062,17.0,0.8973998088800673,0
1043,20,0.721030417,20.0,0.8320997137828722,0
1044,1,0.8693970249,20.0,0.914914520175198,1
1044,2,0.9014783587,13.0,0.9486754801043896,1
1044,3,0.908980695,11.0,0.9565706030683738,2
1044,4,0.9119934494,8.0,0.9597410909666948,2
1044,5,0.9403812488,2.0,0.9896151405930644,2
1044,6,0.8993279974,15.0,0.9464125361091316,1
1044,7,0.929865766,4.0,0.9785491171022674,2
1044,8,0.8818584827,18.0,0.9280284006661992,1
1044,9,0.9502494558,1.0,1.0,3
1044,10,0.9403812488,2.0,0.9896151405930644,2
1044,11,0.9014716428,14.0,0.9486684125917918,1
1044,12,0.908900292,12.0,0.9564859905495144,2
1044,13,0.8924645073,16.0,0.9391897062952256,1
1044,14,0.9206536155,6.0,0.9688546621949036,2
1044,15,0.9114335557,9.0,0.9591518838941911,2
1044,16,0.9192932551,7.0,0.967423079791255,2
1044,17,0.9108622493,10.0,0.9585506666069696,2
1044,18,0.8696328587,19.0,0.9151627011118568,1
1044,19,0.9285806452,5.0,0.9771967134864,2
1044,20,0.8906162281,17.0,0.9372446599826824,1
1045,1,0.8691549556,9.0,0.9659716652690749,2
1045,2,0.8553713221,13.0,0.9506526484244178,2
1045,3,0.8408759683,15.0,0.934542631495176,1
1045,4,0.8690563187,10.0,0.9658620410301102,2
1045,5,0.8895506219,2.0,0.9886392409564076,2
1045,6,0.8692185979,8.0,0.9660423967975744,2
1045,7,0.8848993861,3.0,0.9834698957638884,2
1045,8,0.8491310719,14.0,0.9437172857039366,1
1045,9,0.899772723,1.0,1.0,3
1045,10,0.8355970482,16.0,0.9286756831369292,1
1045,11,0.877952381,6.0,0.9757490514635216,2
1045,12,0.8786791077,5.0,0.9765567295375768,2
1045,13,0.8771412151,7.0,0.9748475283574471,2
1045,14,0.864195281,11.0,0.960459523732417,2
1045,15,0.8298160743,17.0,0.922250756316826,1
1045,16,0.8128527778,19.0,0.9033978881798131,1
1045,17,0.805084643,20.0,0.8947644470880454,0
1045,18,0.8801125541,4.0,0.9781498500705272,2
1045,19,0.8579371155,12.0,0.9535042500949432,2
1045,20,0.8294467253,18.0,0.921840264877645,1
1046,1,0.8394895266,8.0,0.923038644478152,1
1046,2,0.8236955799,13.0,0.905672825500074,1
1046,3,0.7897383097,16.0,0.8683360015583489,0
1046,4,0.7699597788,19.0,0.8465890377508968,0
1046,5,0.8380143861,9.0,0.9214166925128316,1
1046,6,0.8024652778,15.0,0.8823296048268957,0
1046,7,0.7471539898,20.0,0.8215135318657055,0
1046,8,0.8274104186,11.0,0.9097573787547052,1
1046,9,0.8776369409,2.0,0.9649826312345184,2
1046,10,0.8093856798,14.0,0.8899387509554901,0
1046,11,0.9094847021,1.0,1.0,3
1046,12,0.8265637963,12.0,0.9088264974567076,1
1046,13,0.8455317982,6.0,0.9296822654055285,1
1046,14,0.8478846154,5.0,0.9322692437181568,1
1046,15,0.789608637,17.0,0.868193423349281,0
1046,16,0.8496434938,4.0,0.9342031722338742,1
1046,17,0.836194953,10.0,0.9194161826683024,1
1046,18,0.8405674653,7.0,0.9242238636440282,1
1046,19,0.8700113379,3.0,0.9565980998813328,2
1046,20,0.7777113652,18.0,0.8551120908403017,0
1047,1,0.7877079061,7.0,0.9496310312630872,1
1047,2,0.7742293626,13.0,0.9333818060557368,1
1047,3,0.7256842028,20.0,0.8748575868537869,0
1047,4,0.7727594993,14.0,0.9316097941328076,1
1047,5,0.7624371169,16.0,0.9191655180658876,1
1047,6,0.7824365532,10.0,0.9432760864265388,1
1047,7,0.7351067881,18.0,0.8862171013721895,0
1047,8,0.7675723399,15.0,0.9253563498139148,1
1047,9,0.8070237487,6.0,0.9729174847643232,2
1047,10,0.7768597253,12.0,0.936552872416825,1
1047,11,0.7779571339,11.0,0.9378758669589196,1
1047,12,0.7589131772,17.0,0.9149171888749462,1
1047,13,0.8146135266,4.0,0.9820674356006928,2
1047,14,0.7285441542,19.0,0.8783054367183273,0
1047,15,0.7868523223,8.0,0.9485995716064888,1
1047,16,0.8094965992,5.0,0.9758986603400528,2
1047,17,0.8294883804,1.0,1.0,3
1047,18,0.8177728864,3.0,0.985876240973562,2
1047,19,0.7839288576,9.0,0.9450751524957708,1
1047,20,0.8223803146,2.0,0.991430783157478,3
1048,1,0.9599220779,15.0,0.969626740331634,2
1048,2,0.9699729088,10.0,0.9797791835638092,2
1048,3,0.9698802309,11.0,0.9796855687047008,2
1048,4,0.989991342,1.0,1.0,3
1048,5,0.9598802309,18.0,0.9695844702649934,2
1048,6,0.9596190476,20.0,0.9693206464425828,2
1048,7,0.9599218975,16.0,0.9696265581078184,2
1048,8,0.9599494949,13.0,0.9696544345132264,2
1048,9,0.9598961039,17.0,0.9696005037385468,2
1048,10,0.959631895,19.0,0.969333623727792,2
1048,11,0.979991342,5.0,0.9898989015602926,2
1048,12,0.9799729088,6.0,0.9898802820035169,2
1048,13,0.9696103896,12.0,0.9794129993512608,2
1048,14,0.969991342,9.0,0.9797978031205852,2
1048,15,0.9702340921,8.0,0.98004300738622,2
1048,16,0.989991342,1.0,1.0,3
1048,17,0.9799729088,6.0,0.9898802820035169,2
1048,18,0.9899815668,4.0,0.9999901259742532,3
1048,19,0.989991342,1.0,1.0,3
1048,20,0.9599360425,14.0,0.9696408461115612,2
1049,1,0.8262718615,12.0,0.9288812274181704,1
1049,2,0.8698951498,3.0,0.9779218101466683,2
1049,3,0.7984465863,17.0,0.8976005110034745,0
1049,4,0.7977219308,18.0,0.8967858652171914,0
1049,5,0.8213328866,13.0,0.9233289131242152,1
1049,6,0.8607205387,4.0,0.9676078633493256,2
1049,7,0.7868086608,19.0,0.8845173467003643,0
1049,8,0.7760249367,20.0,0.8723944615521727,0
1049,9,0.8895344605,1.0,1.0,3
1049,10,0.8279885771,10.0,0.9308111308409508,1
1049,11,0.8490051948,8.0,0.954437666555134,2
1049,12,0.8065009995,15.0,0.9066551497585292,1
1049,13,0.8541801948,6.0,0.960255316381866,2
1049,14,0.8045425568,16.0,0.9044535007084192,1
1049,15,0.8527381643,7.0,0.9586342094275728,2
1049,16,0.8703501684,2.0,0.978433334567818,2
1049,17,0.8065517241,14.0,0.9067121735189932,1
1049,18,0.8269302956,11.0,0.9296214281964852,1
1049,19,0.8593755123,5.0,0.9660958068077004,2
1049,20,0.837724752,9.0,0.941756378419698,1
1050,1,0.9298998446,1.0,1.0,3
1050,2,0.9187179487,2.0,0.9879751610187548,2
1050,3,0.8875677931,10.0,0.9544767624752004,2
1050,4,0.8050980392,17.0,0.8657900567198353,0
1050,5,0.8890931373,9.0,0.9561170941828117,2
1050,6,0.8710687036,12.0,0.9367338952236234,1
1050,7,0.7756957622,20.0,0.8341712999572213,0
1050,8,0.9096748294,3.0,0.978250329519412,2
1050,9,0.8982973829,7.0,0.9660151984286072,2
1050,10,0.8909763906,8.0,0.9581423158353758,2
1050,11,0.8421935208,15.0,0.9056819674620687,1
1050,12,0.8589755902,13.0,0.9237291469486067,1
1050,13,0.8983012821,6.0,0.9660193915683551,2
1050,14,0.850803513,14.0,0.9149410207353852,1
1050,15,0.8991487757,5.0,0.9669307731595248,2
1050,16,0.8006523765,18.0,0.8610092593836315,0
1050,17,0.780126465,19.0,0.838936009646904,0
1050,18,0.806711146,16.0,0.8675247669785449,0
1050,19,0.8765016937,11.0,0.9425764492702228,1
1050,20,0.9082007344,4.0,0.976665110413763,2
1051,1,0.6630586936,10.0,0.9009275308245446,1
1051,2,0.652328614,11.0,0.8863480913075196,0
1051,3,0.6273564387,15.0,0.8524172787723642,0
1051,4,0.5831117587,17.0,0.7923000513092867,0
1051,5,0.6786749192,7.0,0.922145995654891,1
1051,6,0.6818665768,6.0,0.926482643720228,1
1051,7,0.7001887712,2.0,0.9513778295000218,2
1051,8,0.7001483286,3.0,0.9513228783288664,2
1051,9,0.6416961267,13.0,0.8719012548175193,0
1051,10,0.6942359185,4.0,0.9432894220390547,1
1051,11,0.6641337883,9.0,0.9023883101233044,1
1051,12,0.6365072554,14.0,0.8648509030866732,0
1051,13,0.6045678054,16.0,0.8214533425054782,0
1051,14,0.526272578,19.0,0.7150701119141583,0
1051,15,0.6781031469,8.0,0.9213691030337624,1
1051,16,0.7359733951,1.0,1.0,3
1051,17,0.6858409321,5.0,0.9318827781903878,1
1051,18,0.6514392991,12.0,0.8851397393400151,0
1051,19,0.5664265706,18.0,0.7696291392748471,0
1051,20,0.50667072,20.0,0.6884361899130286,0
1052,1,1.0,1.0,1.0,3
1052,2,0.9599812383,14.0,0.9599812383,2
1052,3,0.9599749844,15.0,0.9599749844,2
1052,4,0.9597310819,18.0,0.9597310819,2
1052,5,0.9699812383,11.0,0.9699812383,2
1052,6,0.9702135263,10.0,0.9702135263,2
1052,7,0.9699436208,12.0,0.9699436208,2
1052,8,0.9899937461,3.0,0.9899937461,2
1052,9,0.9599436208,16.0,0.9599436208,2
1052,10,0.9398240415,20.0,0.9398240415,1
1052,11,0.9497310819,19.0,0.9497310819,1
1052,12,0.98,7.0,0.98,2
1052,13,0.9899937461,3.0,0.9899937461,2
1052,14,0.9703919907,9.0,0.9703919907,2
1052,15,0.9899937461,3.0,0.9899937461,2
1052,16,1.0,1.0,1.0,3
1052,17,0.9597373358,17.0,0.9597373358,2
1052,18,0.9899937461,3.0,0.9899937461,2
1052,19,0.98,7.0,0.98,2
1052,20,0.9693819255,13.0,0.9693819255,2
1053,1,0.9605091991,1.0,1.0,3
1053,2,0.9495468975,7.0,0.9885869894736335,2
1053,3,0.8560730856,20.0,0.8912700538445056,0
1053,4,0.907977643,17.0,0.9453086382210372,1
1053,5,0.9397148443,10.0,0.9783506968808998,2
1053,6,0.9397235023,9.0,0.978359710849749,2
1053,7,0.9497235023,6.0,0.9887708552816504,2
1053,8,0.92920843,14.0,0.9674123172070304,2
1053,9,0.9297947214,13.0,0.9680227136514886,2
1053,10,0.9599264706,2.0,0.9993933129421916,3
1053,11,0.919991342,16.0,0.957816273766076,2
1053,12,0.9305782146,12.0,0.96883841973815,2
1053,13,0.9595555556,3.0,0.9990071479784955,3
1053,14,0.9310909091,11.0,0.969372193387044,2
1053,15,0.9200979088,15.0,0.9579272220007206,2
1053,16,0.9505601966,5.0,0.9896419498019152,2
1053,17,0.9012691198,18.0,0.938324297825041,1
1053,18,0.9507951633,4.0,0.989886577026954,2
1053,19,0.8994781841,19.0,0.9364597288009462,1
1053,20,0.9402673797,8.0,0.9789259494662136,2
1054,1,0.9090746269,10.0,0.9673773133624698,2
1054,2,0.8987502289,13.0,0.9563907693497048,2
1054,3,0.8982432432,14.0,0.9558512685762076,2
1054,4,0.8898060201,16.0,0.946872931734324,1
1054,5,0.9,12.0,0.9577206933991294,2
1054,6,0.9192432432,6.0,0.9781980847555204,2
1054,7,0.8421784005,20.0,0.8961907574362552,0
1054,8,0.8673342447,19.0,0.9229599491587712,1
1054,9,0.8756959707,17.0,0.9318579469618086,1
1054,10,0.9195522388,5.0,0.9785268975113977,2
1054,11,0.92,3.0,0.9790033754746656,2
1054,12,0.8981568186,15.0,0.9557593012119422,2
1054,13,0.9090746269,10.0,0.9673773133624698,2
1054,14,0.9397311828,1.0,1.0,3
1054,15,0.9196415771,4.0,0.978621965443201,2
1054,16,0.8684392544,18.0,0.9241358276655456,1
1054,17,0.929687924,2.0,0.9893126257978634,2
1054,18,0.9192432432,6.0,0.9781980847555204,2
1054,19,0.91,9.0,0.9683620344368976,2
1054,20,0.9184718871,8.0,0.9773772584233544,2
1055,1,0.9498656749,18.0,0.969256874015882,2
1055,2,0.9699937461,5.0,0.989795853249272,2
1055,3,0.9697310819,12.0,0.989527826844976,2
1055,4,0.9699436208,8.0,0.9897447046575596,2
1055,5,0.9699937461,5.0,0.989795853249272,2
1055,6,0.9699436208,8.0,0.9897447046575596,2
1055,7,0.949417305,19.0,0.9687993507900612,2
1055,8,0.95996337,14.0,0.9795607102803326,2
1055,9,0.9702197802,4.0,0.9900265017619788,3
1055,10,0.9593756716,16.0,0.978961014208456,2
1055,11,0.9699436208,8.0,0.9897447046575596,2
1055,12,0.9604574288,13.0,0.9800648551302016,2
1055,13,0.9378351295,20.0,0.9569807289405926,2
1055,14,0.9593756716,16.0,0.978961014208456,2
1055,15,0.9697373358,11.0,0.9895342084163122,2
1055,16,0.9799937461,1.0,1.0,3
1055,17,0.9593819255,15.0,0.9789673957797924,2
1055,18,0.9797175866,3.0,0.9997182027935392,3
1055,19,0.9699937461,5.0,0.989795853249272,2
1055,20,0.9799937461,1.0,1.0,3
1056,1,0.9802427501,8.0,0.9901528513569564,3
1056,2,0.979991342,14.0,0.9898989015602926,2
1056,3,0.9702427501,17.0,0.9800517529172492,2
1056,4,0.9802427501,8.0,0.9901528513569564,3
1056,5,0.989991342,1.0,1.0,3
1056,6,0.9702586231,16.0,0.9800677863908024,2
1056,7,0.989991342,1.0,1.0,3
1056,8,0.989991342,1.0,1.0,3
1056,9,0.989991342,1.0,1.0,3
1056,10,0.989991342,1.0,1.0,3
1056,11,0.989991342,1.0,1.0,3
1056,12,0.979991342,14.0,0.9898989015602926,2
1056,13,0.9802427501,8.0,0.9901528513569564,3
1056,14,0.9699815668,18.0,0.9797879290948384,2
1056,15,0.9802427501,8.0,0.9901528513569564,3
1056,16,0.9494235895,20.0,0.9590221138519816,2
1056,17,0.9802427501,8.0,0.9901528513569564,3
1056,18,0.989991342,1.0,1.0,3
1056,19,0.9802427501,8.0,0.9901528513569564,3
1056,20,0.949974026,19.0,0.9595781151791124,2
1057,1,0.9899959984,10.0,0.9899959984,2
1057,2,1.0,1.0,1.0,3
1057,3,0.9899959984,10.0,0.9899959984,2
1057,4,0.9899959984,10.0,0.9899959984,2
1057,5,1.0,1.0,1.0,3
1057,6,1.0,1.0,1.0,3
1057,7,0.9899959984,10.0,0.9899959984,2
1057,8,1.0,1.0,1.0,3
1057,9,0.9899959984,10.0,0.9899959984,2
1057,10,0.9799679487,19.0,0.9799679487,2
1057,11,1.0,1.0,1.0,3
1057,12,0.9797794118,20.0,0.9797794118,2
1057,13,0.9899959984,10.0,0.9899959984,2
1057,14,0.9899959984,10.0,0.9899959984,2
1057,15,1.0,1.0,1.0,3
1057,16,1.0,1.0,1.0,3
1057,17,0.9899959984,10.0,0.9899959984,2
1057,18,1.0,1.0,1.0,3
1057,19,0.9899959984,10.0,0.9899959984,2
1057,20,1.0,1.0,1.0,3
1058,1,0.9093877777,4.0,0.997914779334106,3
1058,2,0.8806227106,14.0,0.9663494930046288,2
1058,3,0.9006129514,6.0,0.9882857420129684,2
1058,4,0.852277889,19.0,0.9352453621972322,1
1058,5,0.8920594966,9.0,0.9788996262451994,2
1058,6,0.9112595803,2.0,0.9999687980094616,3
1058,7,0.8934826087,8.0,0.9804612753371096,2
1058,8,0.9017127525,5.0,0.9894926064540034,2
1058,9,0.880414247,15.0,0.9661207359083775,2
1058,10,0.8910046135,11.0,0.9777420524776896,2
1058,11,0.880750469,13.0,0.9664896884181484,2
1058,12,0.8386345709,20.0,0.9202738955632944,1
1058,13,0.9112880143,1.0,1.0,3
1058,14,0.8801671623,16.0,0.9658495980286702,2
1058,15,0.9099499687,3.0,0.998531698454272,3
1058,16,0.8899812383,12.0,0.9766190538384656,2
1058,17,0.8606297796,17.0,0.9444102919109358,1
1058,18,0.89101828,10.0,0.9777570493829332,2
1058,19,0.8999614891,7.0,0.9875708612181184,2
1058,20,0.860456153,18.0,0.9442197631239052,1
1059,1,1.0,1.0,1.0,3
1059,2,1.0,1.0,1.0,3
1059,3,1.0,1.0,1.0,3
1059,4,1.0,1.0,1.0,3
1059,5,1.0,1.0,1.0,3
1059,6,1.0,1.0,1.0,3
1059,7,1.0,1.0,1.0,3
1059,8,1.0,1.0,1.0,3
1059,9,1.0,1.0,1.0,3
1059,10,1.0,1.0,1.0,3
1059,11,1.0,1.0,1.0,3
1059,12,1.0,1.0,1.0,3
1059,13,1.0,1.0,1.0,3
1059,14,1.0,1.0,1.0,3
1059,15,1.0,1.0,1.0,3
1059,16,1.0,1.0,1.0,3
1059,17,1.0,1.0,1.0,3
1059,18,1.0,1.0,1.0,3
1059,19,1.0,1.0,1.0,3
1059,20,0.9899989999,20.0,0.9899989999,2
1060,1,0.7799009719,8.0,0.9356217126156618,1
1060,2,0.7737123441,9.0,0.9281974180582764,1
1060,3,0.8335644218,1.0,1.0,3
1060,4,0.7389766336,16.0,0.8865261211655998,0
1060,5,0.8025034677,4.0,0.9627371882872268,2
1060,6,0.7644480248,10.0,0.9170833169069884,1
1060,7,0.7420395965,13.0,0.8902006576739909,0
1060,8,0.8209496136,2.0,0.984866426793073,2
1060,9,0.7507596538,11.0,0.9006618254877153,1
1060,10,0.7862042494,7.0,0.9431835486719428,1
1060,11,0.7360142733,17.0,0.8829722743092249,0
1060,12,0.7351979157,18.0,0.881992916771103,0
1060,13,0.6802376373,19.0,0.8160588666093666,0
1060,14,0.808214943,3.0,0.9695890585813868,2
1060,15,0.7493939394,12.0,0.8990234225469435,0
1060,16,0.7407927293,14.0,0.8887048318357101,0
1060,17,0.7398328803,15.0,0.8875533323536099,0
1060,18,0.7877616692,6.0,0.945051934317094,1
1060,19,0.7878109909,5.0,0.9451111039489904,1
1060,20,0.6247712505,20.0,0.7495176547373126,0
1061,1,0.9701492537,20.0,0.9701492537,2
1061,2,1.0,1.0,1.0,3
1061,3,0.9899977038,6.0,0.9899977038,2
1061,4,0.9899977038,6.0,0.9899977038,2
1061,5,0.9899977038,6.0,0.9899977038,2
1061,6,0.9899977038,6.0,0.9899977038,2
1061,7,0.9899977038,6.0,0.9899977038,2
1061,8,0.9899977038,6.0,0.9899977038,2
1061,9,0.9899977038,6.0,0.9899977038,2
1061,10,1.0,1.0,1.0,3
1061,11,0.98,16.0,0.98,2
1061,12,0.9799816176,18.0,0.9799816176,2
1061,13,0.9899977038,6.0,0.9899977038,2
1061,14,0.98,16.0,0.98,2
1061,15,1.0,1.0,1.0,3
1061,16,1.0,1.0,1.0,3
1061,17,0.9899977038,6.0,0.9899977038,2
1061,18,1.0,1.0,1.0,3
1061,19,0.9799816176,18.0,0.9799816176,2
1061,20,0.9899977038,6.0,0.9899977038,2
1062,1,0.9399843317,5.0,0.9788595375683206,2
1062,2,0.9299885189,8.0,0.9684503250260948,2
1062,3,0.9298327759,9.0,0.9682881409174684,2
1062,4,0.8997128643,16.0,0.9369225513580623,1
1062,5,0.9399264706,6.0,0.9787992834899504,2
1062,6,0.8894804895,19.0,0.9262669932522808,1
1062,7,0.9288359046,11.0,0.9672500417206782,2
1062,8,0.960285205,1.0,1.0,3
1062,9,0.9402690619,3.0,0.9791560434381577,2
1062,10,0.9196791444,13.0,0.9577145827212864,2
1062,11,0.9192239364,14.0,0.9572405485514066,2
1062,12,0.8907555525,18.0,0.9275947894042584,1
1062,13,0.9401492537,4.0,0.9790312802955244,2
1062,14,0.8184753867,20.0,0.8523253117286129,0
1062,15,0.9498417006,2.0,0.9891245805458388,2
1062,16,0.8990406166,17.0,0.9362225013140756,1
1062,17,0.9102111048,15.0,0.9478549706490584,1
1062,18,0.9398392652,7.0,0.9787084715108154,2
1062,19,0.9198964803,12.0,0.957940907045423,2
1062,20,0.9296507353,10.0,0.968098571611337,2
1063,1,0.6642800988,12.0,0.9254393555286536,1
1063,2,0.6901309265,6.0,0.9614533402465264,2
1063,3,0.6516770267,16.0,0.9078814323830188,1
1063,4,0.7077011494,4.0,0.985931231103778,2
1063,5,0.686722132,8.0,0.956704390833608,2
1063,6,0.6562753608,15.0,0.914287584477138,1
1063,7,0.6247827936,20.0,0.8704138313025972,0
1063,8,0.6576470114,14.0,0.9161984944224572,1
1063,9,0.6927272727,5.0,0.965070430324037,2
1063,10,0.6599469496,13.0,0.9194026447942788,1
1063,11,0.7131769853,2.0,0.9935598715755174,3
1063,12,0.6771227406,11.0,0.9433310343131714,1
1063,13,0.6805703625,9.0,0.9481340759743716,1
1063,14,0.7101715686,3.0,0.9893728864483587,2
1063,15,0.6888888889,7.0,0.9597230001713642,2
1063,16,0.641563147,17.0,0.8937913183959062,0
1063,17,0.6315992831,19.0,0.8799101983640876,0
1063,18,0.6781814532,10.0,0.9448059758446188,1
1063,19,0.7177997076,1.0,1.0,3
1063,20,0.6404359557,18.0,0.8922209760175723,0
1064,1,0.8892488211,18.0,0.9562633508923712,2
1064,2,0.9110217114,8.0,0.9796770642905346,2
1064,3,0.8804011936,20.0,0.9467489588348912,1
1064,4,0.8997846424,15.0,0.9675931604368792,2
1064,5,0.9299204244,1.0,1.0,3
1064,6,0.9202986858,4.0,0.989653159187026,2
1064,7,0.9009638752,13.0,0.96886126120019,2
1064,8,0.9195555556,5.0,0.98885402607789,2
1064,9,0.9209970808,2.0,0.990404185814332,3
1064,10,0.8983754346,17.0,0.9660777535665448,2
1064,11,0.9193441153,7.0,0.9886266514612538,2
1064,12,0.8997287356,16.0,0.9675330404539936,2
1064,13,0.9110217114,8.0,0.9796770642905346,2
1064,14,0.888453183,19.0,0.9554077528442766,2
1064,15,0.9206768838,3.0,0.9900598585024476,3
1064,16,0.9195555556,5.0,0.98885402607789,2
1064,17,0.9090382476,12.0,0.9775441250110476,2
1064,18,0.9009319187,14.0,0.968826896431806,2
1064,19,0.9102298851,11.0,0.978825565302854,2
1064,20,0.9103326638,10.0,0.9789360894910568,2
1065,1,0.8598397436,8.0,0.9559248107194686,2
1065,2,0.8471920919,15.0,0.9418638137169938,1
1065,3,0.8462525572,16.0,0.9408192882261138,1
1065,4,0.8497956875,11.0,0.94475835499593,1
1065,5,0.8298838766,18.0,0.9226214461040804,1
1065,6,0.8891643416,2.0,0.988526363510235,2
1065,7,0.8491752273,14.0,0.9440685598292622,1
1065,8,0.8504574907,10.0,0.945494113145518,1
1065,9,0.8882007344,3.0,0.9874550754741512,2
1065,10,0.8584748585,9.0,0.9544074029227452,2
1065,11,0.8197673289,19.0,0.9113743980149008,1
1065,12,0.8394219189,17.0,0.9332253421767228,1
1065,13,0.8495384667,13.0,0.944472390377077,1
1065,14,0.7773832071,20.0,0.8642539503841107,0
1065,15,0.8994847021,1.0,1.0,3
1065,16,0.869899883,4.0,0.9671091470139188,2
1065,17,0.8598475922,7.0,0.9559335363820414,2
1065,18,0.8693438728,5.0,0.9664910039830238,2
1065,19,0.8497956875,11.0,0.94475835499593,1
1065,20,0.86,6.0,0.9561029753948942,2
1066,1,1.0,1.0,1.0,3
1066,2,1.0,1.0,1.0,3
1066,3,1.0,1.0,1.0,3
1066,4,1.0,1.0,1.0,3
1066,5,1.0,1.0,1.0,3
1066,6,0.9899989999,18.0,0.9899989999,2
1066,7,1.0,1.0,1.0,3
1066,8,1.0,1.0,1.0,3
1066,9,1.0,1.0,1.0,3
1066,10,1.0,1.0,1.0,3
1066,11,1.0,1.0,1.0,3
1066,12,0.9899989999,18.0,0.9899989999,2
1066,13,1.0,1.0,1.0,3
1066,14,1.0,1.0,1.0,3
1066,15,1.0,1.0,1.0,3
1066,16,1.0,1.0,1.0,3
1066,17,0.9899989999,18.0,0.9899989999,2
1066,18,1.0,1.0,1.0,3
1066,19,1.0,1.0,1.0,3
1066,20,1.0,1.0,1.0,3
1067,1,0.8795622118,6.0,0.9765262617719822,2
1067,2,0.8788824383,7.0,0.9757715491821266,2
1067,3,0.8590329258,10.0,0.9537338013348728,2
1067,4,0.8420416243,17.0,0.9348693572809614,1
1067,5,0.8374088007,19.0,0.9297258053515322,1
1067,6,0.8360528361,20.0,0.9282203575001252,1
1067,7,0.8506985871,12.0,0.9444806746022032,1
1067,8,0.848165933,16.0,0.941668817513012,1
1067,9,0.8903702991,2.0,0.988525846277068,2
1067,10,0.8391481285,18.0,0.931656878846668,1
1067,11,0.8798469388,5.0,0.9768423774363496,2
1067,12,0.9007051282,1.0,1.0,3
1067,13,0.8698527488,8.0,0.96574641529836,2
1067,14,0.8587111074,11.0,0.953376505267687,2
1067,15,0.8895837123,4.0,0.9876525451540112,2
1067,16,0.8899167324,3.0,0.9880222778107638,2
1067,17,0.8503801521,14.0,0.94412713492531,1
1067,18,0.8499264706,15.0,0.9436234390033088,1
1067,19,0.8505501331,13.0,0.9443158548456014,1
1067,20,0.8686030088,9.0,0.9643589023811222,2
1068,1,0.9397788018,9.0,0.9589759490607,2
1068,2,0.96,4.0,0.9796102118232222,2
1068,3,0.9799816176,1.0,1.0,3
1068,4,0.9299839265,14.0,0.948980990865476,1
1068,5,0.9397788018,9.0,0.9589759490607,2
1068,6,0.9298550725,15.0,0.9488495047256488,1
1068,7,0.9188070829,19.0,0.9375758344836936,1
1068,8,0.9190135577,18.0,0.937786527007198,1
1068,9,0.9298550725,15.0,0.9488495047256488,1
1068,10,0.9497113831,7.0,0.9691114262182462,2
1068,11,0.9295565207,17.0,0.9485448543172756,1
1068,12,0.9395,12.0,0.9586914520915804,2
1068,13,0.9598525346,5.0,0.9794597341026696,2
1068,14,0.9400748297,8.0,0.9592780240126006,2
1068,15,0.9395,12.0,0.9586914520915804,2
1068,16,0.9498964803,6.0,0.9693003044550168,2
1068,17,0.9699378882,3.0,0.989751104286428,2
1068,18,0.9188070829,19.0,0.9375758344836936,1
1068,19,0.9397788018,9.0,0.9589759490607,2
1068,20,0.9799816176,1.0,1.0,3
1069,1,1.0,1.0,1.0,3
1069,2,0.9899989999,12.0,0.9899989999,2
1069,3,1.0,1.0,1.0,3
1069,4,0.9899989999,12.0,0.9899989999,2
1069,5,0.9899989999,12.0,0.9899989999,2
1069,6,0.9899989999,12.0,0.9899989999,2
1069,7,0.9899989999,12.0,0.9899989999,2
1069,8,1.0,1.0,1.0,3
1069,9,1.0,1.0,1.0,3
1069,10,1.0,1.0,1.0,3
1069,11,0.9899989999,12.0,0.9899989999,2
1069,12,0.9899989999,12.0,0.9899989999,2
1069,13,1.0,1.0,1.0,3
1069,14,1.0,1.0,1.0,3
1069,15,0.9899989999,12.0,0.9899989999,2
1069,16,1.0,1.0,1.0,3
1069,17,0.9899989999,12.0,0.9899989999,2
1069,18,1.0,1.0,1.0,3
1069,19,1.0,1.0,1.0,3
1069,20,1.0,1.0,1.0,3
1070,1,0.8695638255,8.0,0.9450354027961356,1
1070,2,0.832987631,18.0,0.9052846706607665,1
1070,3,0.8466819868,14.0,0.920167593190398,1
1070,4,0.8113245298,19.0,0.8817413757719942,0
1070,5,0.8690705128,9.0,0.9444992742768968,1
1070,6,0.8887755102,3.0,0.9659145167339964,2
1070,7,0.8589136041,12.0,0.9334608225577846,1
1070,8,0.9201388889,1.0,1.0,3
1070,9,0.8414855072,17.0,0.9145200983799002,1
1070,10,0.8717003106,5.0,0.9473573186783716,1
1070,11,0.8707599243,6.0,0.9463353139447992,1
1070,12,0.8108037019,20.0,0.8811753439410575,0
1070,13,0.8625014201,10.0,0.937360033908681,1
1070,14,0.8419798747,16.0,0.9150573732478182,1
1070,15,0.8610576923,11.0,0.9357910014317188,1
1070,16,0.8707322552,7.0,0.9463052433757428,1
1070,17,0.8525764895,13.0,0.9265736942378678,1
1070,18,0.842903263,15.0,0.9160609046832776,1
1070,19,0.8799719888,4.0,0.9563469161182632,2
1070,20,0.9003139717,2.0,0.9784544296093168,2
1071,1,0.9503980344,17.0,0.9600064102378786,2
1071,2,0.969991342,9.0,0.9797978031205852,2
1071,3,0.9107101806,20.0,0.9199173184284272,1
1071,4,0.9595822829,16.0,0.969283510057202,2
1071,5,0.9899902248,2.0,0.9999988715052822,3
1071,6,0.9602672811,15.0,0.9699754334821244,2
1071,7,0.989991342,1.0,1.0,3
1071,8,0.9899902248,2.0,0.9999988715052822,3
1071,9,0.9799815668,6.0,0.989889027534546,2
1071,10,0.9699129106,13.0,0.9797185787913688,2
1071,11,0.949246244,18.0,0.9588429754166476,2
1071,12,0.9604299259,14.0,0.9701397225956748,2
1071,13,0.9799815668,6.0,0.989889027534546,2
1071,14,0.969991342,9.0,0.9797978031205852,2
1071,15,0.9796277056,8.0,0.9895315888530264,2
1071,16,0.969991342,9.0,0.9797978031205852,2
1071,17,0.9699729088,12.0,0.9797791835638092,2
1071,18,0.9899902248,2.0,0.9999988715052822,3
1071,19,0.9802754298,5.0,0.9901858614436246,3
1071,20,0.9407942207,19.0,0.9503055034798475,2
1072,1,1.0,1.0,1.0,3
1072,2,1.0,1.0,1.0,3
1072,3,1.0,1.0,1.0,3
1072,4,1.0,1.0,1.0,3
1072,5,1.0,1.0,1.0,3
1072,6,1.0,1.0,1.0,3
1072,7,1.0,1.0,1.0,3
1072,8,1.0,1.0,1.0,3
1072,9,1.0,1.0,1.0,3
1072,10,1.0,1.0,1.0,3
1072,11,0.9899989999,19.0,0.9899989999,2
1072,12,0.9899989999,19.0,0.9899989999,2
1072,13,1.0,1.0,1.0,3
1072,14,1.0,1.0,1.0,3
1072,15,1.0,1.0,1.0,3
1072,16,1.0,1.0,1.0,3
1072,17,1.0,1.0,1.0,3
1072,18,1.0,1.0,1.0,3
1072,19,1.0,1.0,1.0,3
1072,20,1.0,1.0,1.0,3
1073,1,0.9899989999,12.0,0.9899989999,2
1073,2,0.9799919968,17.0,0.9799919968,2
1073,3,1.0,1.0,1.0,3
1073,4,0.9799919968,17.0,0.9799919968,2
1073,5,1.0,1.0,1.0,3
1073,6,1.0,1.0,1.0,3
1073,7,1.0,1.0,1.0,3
1073,8,0.9899989999,12.0,0.9899989999,2
1073,9,1.0,1.0,1.0,3
1073,10,1.0,1.0,1.0,3
1073,11,1.0,1.0,1.0,3
1073,12,0.9599839936,20.0,0.9599839936,2
1073,13,1.0,1.0,1.0,3
1073,14,0.9899989999,12.0,0.9899989999,2
1073,15,0.9899989999,12.0,0.9899989999,2
1073,16,1.0,1.0,1.0,3
1073,17,1.0,1.0,1.0,3
1073,18,1.0,1.0,1.0,3
1073,19,0.9799919968,17.0,0.9799919968,2
1073,20,0.9899989999,12.0,0.9899989999,2
1074,1,0.8276583361,18.0,0.9095186545382944,1
1074,2,0.8568152394,13.0,0.9415593485097682,1
1074,3,0.8599439776,11.0,0.9449975374748856,1
1074,4,0.7777113238,20.0,0.8546315864766554,0
1074,5,0.8792270531,5.0,0.9661878235134008,2
1074,6,0.8785069098,7.0,0.9653964537697246,2
1074,7,0.8284992785,17.0,0.9104427711294428,1
1074,8,0.889835742,3.0,0.9778457746677494,2
1074,9,0.8482347484,16.0,0.9321301960573544,1
1074,10,0.859775641,12.0,0.9448125513867096,1
1074,11,0.8233293317,19.0,0.9047614859269912,1
1074,12,0.8899959984,2.0,0.9780218813762204,2
1074,13,0.8499959984,14.0,0.934065644128661,1
1074,14,0.878538961,6.0,0.9654316750235062,2
1074,15,0.9099959984,1.0,1.0,3
1074,16,0.8499479792,15.0,0.93401287554497,1
1074,17,0.8699959984,8.0,0.9560437627524406,2
1074,18,0.8795985676,4.0,0.9665960830009732,2
1074,19,0.869570518,9.0,0.955576199817276,2
1074,20,0.8682427516,10.0,0.9541171094450824,2
1075,1,0.8711819887,5.0,0.9661737377725268,2
1075,2,0.8305795289,14.0,0.9211440759377322,1
1075,3,0.8214123385,17.0,0.9109773154576892,1
1075,4,0.8435285804,10.0,0.935505063252258,1
1075,5,0.8220592889,16.0,0.9116948078923688,1
1075,6,0.8431084121,11.0,0.9350390807340584,1
1075,7,0.8310486361,13.0,0.92166433354489,1
1075,8,0.9011355311,2.0,0.99939334790625,3
1075,9,0.8802851706,4.0,0.9762695104078984,2
1075,10,0.8198649297,18.0,0.9092611806390744,1
1075,11,0.859743003,8.0,0.953487470478838,2
1075,12,0.8318224736,12.0,0.9225225485671256,1
1075,13,0.9016825387,1.0,1.0,3
1075,14,0.8707254534,6.0,0.9656674228774216,2
1075,15,0.8612010796,7.0,0.9551045325127798,2
1075,16,0.8291524966,15.0,0.9195614432053102,1
1075,17,0.8127984808,19.0,0.9014242218462514,1
1075,18,0.9006227106,3.0,0.9988246105979516,3
1075,19,0.8537215979,9.0,0.9468095047408286,1
1075,20,0.7650752056,20.0,0.8484973067162268,0
1076,1,0.9799955407,3.0,0.9898989444003664,2
1076,2,0.9701469575,6.0,0.9799508357522848,2
1076,3,0.9699838444,7.0,0.979786074303072,2
1076,4,0.98,2.0,0.98990344876409,2
1076,5,0.9799955407,3.0,0.9898989444003664,2
1076,6,0.9799955407,3.0,0.9898989444003664,2
1076,7,0.9599318797,16.0,0.9696325288710466,2
1076,8,0.969978022,10.0,0.9797801930644596,2
1076,9,0.969978022,10.0,0.9797801930644596,2
1076,10,0.9599732143,15.0,0.9696742811803254,2
1076,11,0.9501098901,20.0,0.9597112825661842,2
1076,12,0.9599318797,16.0,0.9696325288710466,2
1076,13,0.9699838444,7.0,0.979786074303072,2
1076,14,0.9502589286,19.0,0.9598618271836828,2
1076,15,0.9699838444,7.0,0.979786074303072,2
1076,16,0.9899955407,1.0,1.0,3
1076,17,0.9597953092,18.0,0.9694945782496696,2
1076,18,0.969978022,10.0,0.9797801930644596,2
1076,19,0.969978022,10.0,0.9797801930644596,2
1076,20,0.969978022,10.0,0.9797801930644596,2
1077,1,0.9702376485,7.0,0.9800442197965114,2
1077,2,0.9799874922,5.0,0.9898926089791792,2
1077,3,0.9599552352,16.0,0.9696578781246504,2
1077,4,0.9702376485,7.0,0.9800442197965114,2
1077,5,0.98,2.0,0.9899052432004044,2
1077,6,0.9697175866,13.0,0.979518901427533,2
1077,7,0.9599937461,15.0,0.9696967782693754,2
1077,8,0.9699937461,9.0,0.9797978521795836,2
1077,9,0.9899937461,1.0,1.0,3
1077,10,0.9799874922,5.0,0.9898926089791792,2
1077,11,0.9190204385,19.0,0.9283093374280458,1
1077,12,0.98,2.0,0.9899052432004044,2
1077,13,0.9699436208,12.0,0.9797472202435764,2
1077,14,0.9393631638,18.0,0.948857674607082,1
1077,15,0.9697113327,14.0,0.9795125843169202,2
1077,16,0.9506458454,17.0,0.9602543946817766,2
1077,17,0.9190007229,20.0,0.9282894225547674,1
1077,18,0.9699937461,9.0,0.9797978521795836,2
1077,19,0.98,2.0,0.9899052432004044,2
1077,20,0.9699937461,9.0,0.9797978521795836,2
1078,1,0.9699729757,10.0,0.9897764255904992,2
1078,2,0.9498746867,16.0,0.9692677999429148,2
1078,3,0.9699729757,10.0,0.9897764255904992,2
1078,4,0.9498746867,16.0,0.9692677999429148,2
1078,5,0.9799919968,1.0,1.0,3
1078,6,0.9498746867,16.0,0.9692677999429148,2
1078,7,0.9799919968,1.0,1.0,3
1078,8,0.9799919968,1.0,1.0,3
1078,9,0.9799919968,1.0,1.0,3
1078,10,0.9699729757,10.0,0.9897764255904992,2
1078,11,0.9699729757,10.0,0.9897764255904992,2
1078,12,0.9799919968,1.0,1.0,3
1078,13,0.9599358974,14.0,0.9795344253162374,2
1078,14,0.9799919968,1.0,1.0,3
1078,15,0.9599358974,14.0,0.9795344253162374,2
1078,16,0.9799919968,1.0,1.0,3
1078,17,0.9399038462,20.0,0.9590933898124666,2
1078,18,0.9799919968,1.0,1.0,3
1078,19,0.9699969997,9.0,0.9898009400764118,2
1078,20,0.9498746867,16.0,0.9692677999429148,2
1079,1,0.9899977038,6.0,0.9899977038,2
1079,2,0.9899955407,9.0,0.9899955407,2
1079,3,0.9899955407,9.0,0.9899955407,2
1079,4,0.9899955407,9.0,0.9899955407,2
1079,5,1.0,1.0,1.0,3
1079,6,0.9899955407,9.0,0.9899955407,2
1079,7,0.9899955407,9.0,0.9899955407,2
1079,8,0.9899977038,6.0,0.9899977038,2
1079,9,0.9899955407,9.0,0.9899955407,2
1079,10,0.9899955407,9.0,0.9899955407,2
1079,11,0.9899955407,9.0,0.9899955407,2
1079,12,0.9899955407,9.0,0.9899955407,2
1079,13,0.9899955407,9.0,0.9899955407,2
1079,14,0.9899955407,9.0,0.9899955407,2
1079,15,1.0,1.0,1.0,3
1079,16,0.9801425677,20.0,0.9801425677,2
1079,17,1.0,1.0,1.0,3
1079,18,1.0,1.0,1.0,3
1079,19,1.0,1.0,1.0,3
1079,20,0.9899977038,6.0,0.9899977038,2
1080,1,0.8586828671,16.0,0.9345382440839984,1
1080,2,0.8490942271,19.0,0.9241025510801107,1
1080,3,0.8909763906,6.0,0.9696845523466748,2
1080,4,0.8584558824,17.0,0.9342912077320468,1
1080,5,0.8888888889,9.0,0.9674126423692124,2
1080,6,0.9096748294,3.0,0.9900347966950682,3
1080,7,0.889647205,8.0,0.9682379475240108,2
1080,8,0.8819444444,12.0,0.9598547310403344,2
1080,9,0.9188311688,1.0,1.0,3
1080,10,0.8773406909,14.0,0.954844285534864,2
1080,11,0.9178981938,2.0,0.9989846067137464,3
1080,12,0.815270936,20.0,0.8872913367368127,0
1080,13,0.9090909091,4.0,0.9893992933296756,2
1080,14,0.857690328,18.0,0.9334580248514528,1
1080,15,0.8878410225,10.0,0.9662722082659936,2
1080,16,0.868872549,15.0,0.9456280745621132,1
1080,17,0.8990869075,5.0,0.9785115460049248,2
1080,18,0.8878410225,10.0,0.9662722082659936,2
1080,19,0.8909278334,7.0,0.9696317056413728,2
1080,20,0.8818910256,13.0,0.9597965932650672,2
1081,1,0.8698058467,1.0,1.0,3
1081,2,0.8271936759,10.0,0.9510095603959569,2
1081,3,0.8409556994,8.0,0.9668315091126876,2
1081,4,0.7757692308,18.0,0.891887808921071,0
1081,5,0.8305128205,9.0,0.954825520719278,2
1081,6,0.8486335813,6.0,0.9756586306239184,2
1081,7,0.8073153899,14.0,0.9281558556578048,1
1081,8,0.8210277467,11.0,0.9439207034707092,1
1081,9,0.8599298372,2.0,0.9886457310703658,2
1081,10,0.8172548019,13.0,0.9395830172913,1
1081,11,0.8582061019,3.0,0.9866639838717928,2
1081,12,0.7982028782,16.0,0.9176793662957564,1
1081,13,0.8054233115,15.0,0.9259805674516168,1
1081,14,0.7940687143,17.0,0.912926393071117,1
1081,15,0.842272661,7.0,0.968345595968963,2
1081,16,0.8487355887,5.0,0.9757759066808536,2
1081,17,0.7403600465,20.0,0.8511785122034866,0
1081,18,0.8183942414,12.0,0.940893010210206,1
1081,19,0.8506352199,4.0,0.977959878204162,2
1081,20,0.7703987925,19.0,0.8857135134499895,0
1082,1,1.0,1.0,1.0,3
1082,2,1.0,1.0,1.0,3
1082,3,1.0,1.0,1.0,3
1082,4,1.0,1.0,1.0,3
1082,5,1.0,1.0,1.0,3
1082,6,1.0,1.0,1.0,3
1082,7,1.0,1.0,1.0,3
1082,8,1.0,1.0,1.0,3
1082,9,1.0,1.0,1.0,3
1082,10,1.0,1.0,1.0,3
1082,11,1.0,1.0,1.0,3
1082,12,1.0,1.0,1.0,3
1082,13,1.0,1.0,1.0,3
1082,14,1.0,1.0,1.0,3
1082,15,1.0,1.0,1.0,3
1082,16,1.0,1.0,1.0,3
1082,17,1.0,1.0,1.0,3
1082,18,1.0,1.0,1.0,3
1082,19,1.0,1.0,1.0,3
1082,20,1.0,1.0,1.0,3
1083,1,0.9697113327,3.0,0.9895139891255847,2
1083,2,0.9493819255,11.0,0.9687694313002988,2
1083,3,0.9496872105,9.0,0.9690809505823608,2
1083,4,0.9000406614,20.0,0.9184205600211028,1
1083,5,0.9392122209,14.0,0.9583920492612996,2
1083,6,0.9599614891,6.0,0.9795650421465656,2
1083,7,0.9799874922,1.0,1.0,3
1083,8,0.9699436208,2.0,0.9897510208243044,2
1083,9,0.9496872105,9.0,0.9690809505823608,2
1083,10,0.9697113327,3.0,0.9895139891255847,2
1083,11,0.9497310819,8.0,0.9691257178884226,2
1083,12,0.9385209894,16.0,0.9576867019936032,2
1083,13,0.9596674613,7.0,0.9792650099498892,2
1083,14,0.9397109051,12.0,0.9589009171845836,2
1083,15,0.9294347457,17.0,0.9484149064122106,1
1083,16,0.939385048,13.0,0.9585684056958212,2
1083,17,0.9188145188,19.0,0.937577801873092,1
1083,18,0.9388961153,15.0,0.958069488409742,2
1083,19,0.9697113327,3.0,0.9895139891255847,2
1083,20,0.9201606267,18.0,0.9389513988941908,1
1084,1,0.8501646148,18.0,0.9342660914506902,1
1084,2,0.8597994987,16.0,0.9448540942517144,1
1084,3,0.8701283697,11.0,0.9562047359630712,2
1084,4,0.8292563513,19.0,0.9112895040003156,1
1084,5,0.8698293345,13.0,0.9558761190780036,2
1084,6,0.9099812383,1.0,1.0,3
1084,7,0.8693906356,14.0,0.9553940224351986,2
1084,8,0.8702810497,10.0,0.9563725196420898,2
1084,9,0.8796992481,9.0,0.9667224015996506,2
1084,10,0.8894809095,4.0,0.977471701682226,2
1084,11,0.8891960474,6.0,0.97715865995344,2
1084,12,0.8798496241,8.0,0.9668876533583364,2
1084,13,0.8592080453,17.0,0.9442041320600708,1
1084,14,0.8891731575,7.0,0.9771335056985648,2
1084,15,0.8693906356,14.0,0.9553940224351986,2
1084,16,0.8077090775,20.0,0.8876106929511406,0
1084,17,0.8906227106,2.0,0.9787264540352888,2
1084,18,0.8899687305,3.0,0.9780077797676502,2
1084,19,0.8700669901,12.0,0.9561372844625164,2
1084,20,0.8893922894,5.0,0.9773743149491042,2
1085,1,0.9204786325,5.0,0.9686338825875492,2
1085,2,0.93,4.0,0.978653364673754,2
1085,3,0.8905727696,15.0,0.9371634811353374,1
1085,4,0.9502853958,1.0,1.0,3
1085,5,0.9105744854,10.0,0.9582115956158944,2
1085,6,0.9304303233,3.0,0.9791062005290684,2
1085,7,0.9192432432,8.0,0.9673338633454772,2
1085,8,0.9202974677,7.0,0.9684432400702584,2
1085,9,0.9095975855,12.0,0.9571835887620403,2
1085,10,0.8902404647,16.0,0.9368137915563238,1
1085,11,0.835970696,20.0,0.8797048757086665,0
1085,12,0.9106674775,9.0,0.95830945263907,2
1085,13,0.920445465,6.0,0.968598979914998,2
1085,14,0.91,11.0,0.9576070557560388,2
1085,15,0.8917142857,13.0,0.9383647161590948,1
1085,16,0.8889624972,17.0,0.9354689666167338,1
1085,17,0.879704896,19.0,0.9257270498821234,1
1085,18,0.8907201784,14.0,0.9373186016924367,1
1085,19,0.8804961995,18.0,0.9265597507775568,1
1085,20,0.9399196429,2.0,0.9890919581150948,2
1086,1,0.7353399331,11.0,0.9156445536856868,1
1086,2,0.7234048912,15.0,0.900783051376578,1
1086,3,0.7331535023,12.0,0.9129220122270844,1
1086,4,0.6995774511,18.0,0.8711131466512082,0
1086,5,0.8030844831,1.0,1.0,3
1086,6,0.7265351506,13.0,0.9046808472696288,1
1086,7,0.6197023076,19.0,0.7716526973698665,0
1086,8,0.7195184543,16.0,0.8959436640122527,0
1086,9,0.7006012348,17.0,0.8723879610966923,0
1086,10,0.8006501156,2.0,0.9969687280090344,3
1086,11,0.7701973621,5.0,0.9590489896242896,2
1086,12,0.7531781298,8.0,0.937856658483357,1
1086,13,0.7663628831,7.0,0.9542743001853924,2
1086,14,0.7240957505,14.0,0.9016433086901464,1
1086,15,0.7711822611,4.0,0.9602753848799896,2
1086,16,0.7686324786,6.0,0.9571003982457597,2
1086,17,0.58877551,20.0,0.7331426797430547,0
1086,18,0.7440008985,10.0,0.9264291791917948,1
1086,19,0.7494038674,9.0,0.9331569506949174,1
1086,20,0.7944405448,3.0,0.9892365766218848,2
1087,1,0.9393382353,2.0,0.9900824617183036,3
1087,2,0.9487474747,1.0,1.0,3
1087,3,0.9080147059,12.0,0.9570667960798735,2
1087,4,0.9002098227,13.0,0.9488402833268696,1
1087,5,0.9292753164,5.0,0.979475931352379,2
1087,6,0.9186234259,8.0,0.968248612403922,2
1087,7,0.9299706745,3.0,0.980208853566712,2
1087,8,0.9190967742,7.0,0.9687475315711636,2
1087,9,0.910625,10.0,0.9598181015321758,2
1087,10,0.9194593109,6.0,0.9691296529571676,2
1087,11,0.92956865,4.0,0.9797851112003596,2
1087,12,0.9083501082,11.0,0.9574203172316492,2
1087,13,0.8984147465,15.0,0.94694823486522,1
1087,14,0.8326762203,20.0,0.8776584312525285,0
1087,15,0.8878986175,16.0,0.935864011422807,1
1087,16,0.918,9.0,0.9675915082570076,2
1087,17,0.871281106,19.0,0.9183488011659844,1
1087,18,0.8987878788,14.0,0.9473415242387891,1
1087,19,0.8863334826,17.0,0.9342143259777996,1
1087,20,0.8783778802,18.0,0.9258289519850882,1
1088,1,0.8874095329,1.0,1.0,3
1088,2,0.8235911111,9.0,0.9280845884183312,1
1088,3,0.8487932335,5.0,0.9564842409639164,2
1088,4,0.8138152769,10.0,0.9170684410392816,1
1088,5,0.8406123876,6.0,0.9472654467131204,1
1088,6,0.812704731,11.0,0.9158169941493988,1
1088,7,0.7959315306,14.0,0.8969156867167569,0
1088,8,0.8332125604,8.0,0.938926763246629,1
1088,9,0.8683055199,2.0,0.9784721571137858,2
1088,10,0.8374773045,7.0,0.9437325985930932,1
1088,11,0.795663105,15.0,0.8966132045030232,0
1088,12,0.7954725491,16.0,0.896398471741051,0
1088,13,0.8047429417,13.0,0.9068450493991758,1
1088,14,0.8055695267,12.0,0.9077765077274392,1
1088,15,0.8583921043,4.0,0.9673009726352918,2
1088,16,0.7554648956,20.0,0.851314829953637,0
1088,17,0.865982906,3.0,0.9758548605738108,2
1088,18,0.7844364937,18.0,0.8839622120538976,0
1088,19,0.7742147026,19.0,0.8724435268008828,0
1088,20,0.790310559,17.0,0.8905815519214826,0
1089,1,1.0,1.0,1.0,3
1089,2,1.0,1.0,1.0,3
1089,3,1.0,1.0,1.0,3
1089,4,0.9799919968,20.0,0.9799919968,2
1089,5,1.0,1.0,1.0,3
1089,6,1.0,1.0,1.0,3
1089,7,1.0,1.0,1.0,3
1089,8,1.0,1.0,1.0,3
1089,9,1.0,1.0,1.0,3
1089,10,1.0,1.0,1.0,3
1089,11,1.0,1.0,1.0,3
1089,12,1.0,1.0,1.0,3
1089,13,0.9899989999,18.0,0.9899989999,2
1089,14,1.0,1.0,1.0,3
1089,15,0.9899989999,18.0,0.9899989999,2
1089,16,1.0,1.0,1.0,3
1089,17,1.0,1.0,1.0,3
1089,18,1.0,1.0,1.0,3
1089,19,1.0,1.0,1.0,3
1089,20,1.0,1.0,1.0,3
1090,1,1.0,1.0,1.0,3
1090,2,0.9899989999,18.0,0.9899989999,2
1090,3,1.0,1.0,1.0,3
1090,4,1.0,1.0,1.0,3
1090,5,0.9899989999,18.0,0.9899989999,2
1090,6,0.9899989999,18.0,0.9899989999,2
1090,7,1.0,1.0,1.0,3
1090,8,1.0,1.0,1.0,3
1090,9,1.0,1.0,1.0,3
1090,10,1.0,1.0,1.0,3
1090,11,1.0,1.0,1.0,3
1090,12,1.0,1.0,1.0,3
1090,13,1.0,1.0,1.0,3
1090,14,1.0,1.0,1.0,3
1090,15,1.0,1.0,1.0,3
1090,16,1.0,1.0,1.0,3
1090,17,1.0,1.0,1.0,3
1090,18,1.0,1.0,1.0,3
1090,19,1.0,1.0,1.0,3
1090,20,1.0,1.0,1.0,3
1091,1,0.9094508086,11.0,0.9671015138529362,2
1091,2,0.8790152648,15.0,0.9347366402329674,1
1091,3,0.862950627,17.0,0.9176536541176488,1
1091,4,0.8593328841,18.0,0.9138065800348772,1
1091,5,0.9199358974,8.0,0.9782512595626268,2
1091,6,0.9093406593,12.0,0.9669843821138993,2
1091,7,0.9395512821,2.0,0.9991100768387146,3
1091,8,0.920133438,7.0,0.9784613223956034,2
1091,9,0.9180827887,10.0,0.9762806810418788,2
1091,10,0.8788919414,16.0,0.9346054992787722,1
1091,11,0.7893050102,20.0,0.8393395915840711,0
1091,12,0.8901760704,14.0,0.9466049368901488,1
1091,13,0.9291601256,4.0,0.9880602178614022,2
1091,14,0.8501680672,19.0,0.9040607991588132,1
1091,15,0.9278867102,5.0,0.9867060797931768,2
1091,16,0.9403881553,1.0,1.0,3
1091,17,0.9197839136,9.0,0.9780896414061842,2
1091,18,0.9299358974,3.0,0.988885166363388,2
1091,19,0.9202670001,6.0,0.9786033510879548,2
1091,20,0.9003820254,13.0,0.9574578543184252,2
1092,1,0.891147834,4.0,0.9878200815063076,2
1092,2,0.9021357742,1.0,1.0,3
1092,3,0.8996030996,3.0,0.9971925793517656,3
1092,4,0.8746877811,12.0,0.9695744322695324,2
1092,5,0.8703033916,16.0,0.9647144215866748,2
1092,6,0.8238428238,20.0,0.9132137837351268,1
1092,7,0.8831984194,7.0,0.979008309678448,2
1092,8,0.8826717979,8.0,0.9784245599646456,2
1092,9,0.8483987213,18.0,0.9404335196133274,1
1092,10,0.8813575345,10.0,0.9769677244886716,2
1092,11,0.8706099207,15.0,0.9650542031459104,2
1092,12,0.8441819769,19.0,0.935759340270712,1
1092,13,0.8723905919,14.0,0.9670280426176674,2
1092,14,0.8902255639,5.0,0.9867977629968596,2
1092,15,0.8728291396,13.0,0.967514164233218,2
1092,16,0.8784571723,11.0,0.9737527292707155,2
1092,17,0.8822672065,9.0,0.9779760782487324,2
1092,18,0.9006484316,2.0,0.9983513095893808,3
1092,19,0.8615767977,17.0,0.9550411615857192,2
1092,20,0.8842693447,6.0,0.980195409592482,2
1093,1,1.0,1.0,1.0,3
1093,2,1.0,1.0,1.0,3
1093,3,1.0,1.0,1.0,3
1093,4,1.0,1.0,1.0,3
1093,5,1.0,1.0,1.0,3
1093,6,1.0,1.0,1.0,3
1093,7,1.0,1.0,1.0,3
1093,8,1.0,1.0,1.0,3
1093,9,1.0,1.0,1.0,3
1093,10,1.0,1.0,1.0,3
1093,11,1.0,1.0,1.0,3
1093,12,1.0,1.0,1.0,3
1093,13,1.0,1.0,1.0,3
1093,14,1.0,1.0,1.0,3
1093,15,1.0,1.0,1.0,3
1093,16,1.0,1.0,1.0,3
1093,17,1.0,1.0,1.0,3
1093,18,1.0,1.0,1.0,3
1093,19,1.0,1.0,1.0,3
1093,20,1.0,1.0,1.0,3
1094,1,0.7641372096,20.0,0.8700991682233432,0
1094,2,0.8250137629,5.0,0.939417397626622,1
1094,3,0.817339731,8.0,0.930679217245896,1
1094,4,0.8028416028,15.0,0.9141706515993956,1
1094,5,0.8101645829,12.0,0.922509100262642,1
1094,6,0.7927738928,16.0,0.9027068647469016,1
1094,7,0.8152509107,10.0,0.9283007428269504,1
1094,8,0.8782185267,1.0,1.0,3
1094,9,0.8278709506,4.0,0.9426707879994444,1
1094,10,0.8183564471,6.0,0.9318369201058212,1
1094,11,0.7923653787,17.0,0.9022417025035872,1
1094,12,0.8178947876,7.0,0.931311242855838,1
1094,13,0.8036022339,14.0,0.9150367584701512,1
1094,14,0.8132571693,11.0,0.9260305317810829,1
1094,15,0.8052672916,13.0,0.9169327076552096,1
1094,16,0.7918642525,18.0,0.90167108575529,1
1094,17,0.8162775496,9.0,0.9294697444692384,1
1094,18,0.8445422142,3.0,0.9616538350351792,2
1094,19,0.8624983322,2.0,0.9820999056361628,2
1094,20,0.7718835598,19.0,0.8789196951929892,0
1095,1,0.7968621549,15.0,0.961111608490994,2
1095,2,0.7999362845,14.0,0.9648193785568674,2
1095,3,0.7900191252,18.0,0.9528580915665466,2
1095,4,0.76541284,20.0,0.9231799518755884,1
1095,5,0.8076751241,12.0,0.974153349972216,2
1095,6,0.7936676772,16.0,0.9572586841405822,2
1095,7,0.8229522956,4.0,0.9925794563988672,3
1095,8,0.8044949223,13.0,0.9703176440743656,2
1095,9,0.8291047032,1.0,1.0,3
1095,10,0.8271371483,2.0,0.9976268921254384,3
1095,11,0.8168557692,9.0,0.9852263122465424,2
1095,12,0.7744353772,19.0,0.934062217004681,1
1095,13,0.8168616601,8.0,0.9852334173805228,2
1095,14,0.8173689284,7.0,0.9858452439665284,2
1095,15,0.8179348804,6.0,0.9865278501534376,2
1095,16,0.813719636,10.0,0.9814437583810344,2
1095,17,0.7930108879,17.0,0.9564665172436088,2
1095,18,0.8235466758,3.0,0.993296350414431,3
1095,19,0.8204965651,5.0,0.9896175500310442,2
1095,20,0.8077935028,11.0,0.974296128923467,2
1096,1,1.0,1.0,1.0,3
1096,2,0.99,14.0,0.99,2
1096,3,0.9799910873,18.0,0.9799910873,2
1096,4,0.9598394678,20.0,0.9598394678,2
1096,5,0.99,14.0,0.99,2
1096,6,1.0,1.0,1.0,3
1096,7,1.0,1.0,1.0,3
1096,8,1.0,1.0,1.0,3
1096,9,1.0,1.0,1.0,3
1096,10,1.0,1.0,1.0,3
1096,11,1.0,1.0,1.0,3
1096,12,0.99,14.0,0.99,2
1096,13,1.0,1.0,1.0,3
1096,14,0.99,14.0,0.99,2
1096,15,1.0,1.0,1.0,3
1096,16,1.0,1.0,1.0,3
1096,17,0.9798462234,19.0,0.9798462234,2
1096,18,1.0,1.0,1.0,3
1096,19,1.0,1.0,1.0,3
1096,20,1.0,1.0,1.0,3
1097,1,0.824567046,18.0,0.9074215023367748,1
1097,2,0.827454274,17.0,0.9105988458676112,1
1097,3,0.8382021195,13.0,0.9224266604253292,1
1097,4,0.8189242896,19.0,0.90121174836389,1
1097,5,0.8393584563,12.0,0.9236991886949872,1
1097,6,0.818128882,20.0,0.9003364163179837,1
1097,7,0.8625014201,7.0,0.949167612496054,1
1097,8,0.887944867,3.0,0.977167677406026,2
1097,9,0.8569429783,9.0,0.9430506452545476,1
1097,10,0.8609558824,8.0,0.9474667754950415,1
1097,11,0.8805762305,5.0,0.9690586227991996,2
1097,12,0.8562104908,10.0,0.9422445556698168,1
1097,13,0.9086924256,1.0,1.0,3
1097,14,0.8452380952,11.0,0.9301696276844152,1
1097,15,0.8335923336,15.0,0.9173536722831026,1
1097,16,0.8817001978,4.0,0.9702955290045724,2
1097,17,0.8362416775,14.0,0.9202692285542476,1
1097,18,0.8278434181,16.0,0.9110270920915664,1
1097,19,0.8895040286,2.0,0.9788835072688868,2
1097,20,0.8786764706,6.0,0.9669679705097346,2
1098,1,1.0,1.0,1.0,3
1098,2,1.0,1.0,1.0,3
1098,3,0.9799816176,13.0,0.9799816176,2
1098,4,0.9899977038,8.0,0.9899977038,2
1098,5,0.9799816176,13.0,0.9799816176,2
1098,6,1.0,1.0,1.0,3
1098,7,1.0,1.0,1.0,3
1098,8,0.9899977038,8.0,0.9899977038,2
1098,9,0.9899977038,8.0,0.9899977038,2
1098,10,0.9799816176,13.0,0.9799816176,2
1098,11,0.9799816176,13.0,0.9799816176,2
1098,12,0.9799816176,13.0,0.9799816176,2
1098,13,0.9799816176,13.0,0.9799816176,2
1098,14,1.0,1.0,1.0,3
1098,15,1.0,1.0,1.0,3
1098,16,0.9899977038,8.0,0.9899977038,2
1098,17,1.0,1.0,1.0,3
1098,18,0.9699378882,20.0,0.9699378882,2
1098,19,0.9899977038,8.0,0.9899977038,2
1098,20,0.9799816176,13.0,0.9799816176,2
1099,1,1.0,1.0,1.0,3
1099,2,0.98,14.0,0.98,2
1099,3,0.9899989999,5.0,0.9899989999,2
1099,4,0.9699729757,20.0,0.9699729757,2
1099,5,0.9899989999,5.0,0.9899989999,2
1099,6,0.9899989999,5.0,0.9899989999,2
1099,7,0.9899989999,5.0,0.9899989999,2
1099,8,0.9899989999,5.0,0.9899989999,2
1099,9,0.9799919968,17.0,0.9799919968,2
1099,10,0.9899989999,5.0,0.9899989999,2
1099,11,0.9899989999,5.0,0.9899989999,2
1099,12,0.9699969997,19.0,0.9699969997,2
1099,13,1.0,1.0,1.0,3
1099,14,0.98,14.0,0.98,2
1099,15,1.0,1.0,1.0,3
1099,16,1.0,1.0,1.0,3
1099,17,0.98,14.0,0.98,2
1099,18,0.9799919968,17.0,0.9799919968,2
1099,19,0.9899989999,5.0,0.9899989999,2
1099,20,0.9899989999,5.0,0.9899989999,2
1100,1,0.9495878351,11.0,0.9689671786734694,2
1100,2,0.9294751452,19.0,0.9484440257142857,1
1100,3,0.9302748923,17.0,0.9492600941836736,1
1100,4,0.9301052957,18.0,0.9490870364285714,1
1100,5,0.9697919168,2.0,0.9895835885714286,2
1100,6,0.9198597606,20.0,0.9386324087755102,1
1100,7,0.9403881553,13.0,0.9595797503061224,2
1100,8,0.98,1.0,1.0,3
1100,9,0.9597919168,4.0,0.9793795069387756,2
1100,10,0.9597598655,6.0,0.9793468015306124,2
1100,11,0.9597212862,7.0,0.9793074348979592,2
1100,12,0.9597919168,4.0,0.9793795069387756,2
1100,13,0.9396561407,15.0,0.9588327966326532,2
1100,14,0.9499959984,8.0,0.9693836718367348,2
1100,15,0.949754902,10.0,0.9691376551020408,2
1100,16,0.9377751878,16.0,0.9569134569387756,2
1100,17,0.9499959984,8.0,0.9693836718367348,2
1100,18,0.9493431988,12.0,0.9687175497959184,2
1100,19,0.9599358974,3.0,0.9795264259183674,2
1100,20,0.9399394373,14.0,0.9591218747959184,2
